"","Var1","Var2","Freq"
"1","","county_fips_code","Min.   : 1001  "
"2","","county_fips_code","1st Qu.:18178  "
"3","","county_fips_code","Median :29176  "
"4","","county_fips_code","Mean   :30384  "
"5","","county_fips_code","3rd Qu.:45081  "
"6","","county_fips_code","Max.   :56045  "
"7","","county_fips_code",NA
"8","","county_name","Length:3142       "
"9","","county_name","Class :character  "
"10","","county_name","Mode  :character  "
"11","","county_name",NA
"12","","county_name",NA
"13","","county_name",NA
"14","","county_name",NA
"15","","   state","Length:3142       "
"16","","   state","Class :character  "
"17","","   state","Mode  :character  "
"18","","   state",NA
"19","","   state",NA
"20","","   state",NA
"21","","   state",NA
"22","","state_fips_code","Min.   : 1.00  "
"23","","state_fips_code","1st Qu.:18.00  "
"24","","state_fips_code","Median :29.00  "
"25","","state_fips_code","Mean   :30.28  "
"26","","state_fips_code","3rd Qu.:45.00  "
"27","","state_fips_code","Max.   :56.00  "
"28","","state_fips_code",NA
"29","","    date","Length:3142       "
"30","","    date","Class :character  "
"31","","    date","Mode  :character  "
"32","","    date",NA
"33","","    date",NA
"34","","    date",NA
"35","","    date",NA
"36","","confirmed_cases.V1","Min.   :-0.26900  "
"37","","confirmed_cases.V1","1st Qu.:-0.24067  "
"38","","confirmed_cases.V1","Median :-0.20080  "
"39","","confirmed_cases.V1","Mean   : 0.00000  "
"40","","confirmed_cases.V1","3rd Qu.:-0.09267  "
"41","","confirmed_cases.V1","Max.   :35.41138  "
"42","","confirmed_cases.V1",""
"43","","     deaths.V1     ","Min.   :-0.259589  "
"44","","     deaths.V1     ","1st Qu.:-0.234634  "
"45","","     deaths.V1     ","Median :-0.195121  "
"46","","     deaths.V1     ","Mean   : 0.000000  "
"47","","     deaths.V1     ","3rd Qu.:-0.099460  "
"48","","     deaths.V1     ","Max.   :28.721776  "
"49","","     deaths.V1     ",""
"50","","    geo_id","Min.   : 1001  "
"51","","    geo_id","1st Qu.:18178  "
"52","","    geo_id","Median :29176  "
"53","","    geo_id","Mean   :30384  "
"54","","    geo_id","3rd Qu.:45081  "
"55","","    geo_id","Max.   :56045  "
"56","","    geo_id",NA
"57","","nonfamily_households","Min.   :     12  "
"58","","nonfamily_households","1st Qu.:   1393  "
"59","","nonfamily_households","Median :   3168  "
"60","","nonfamily_households","Mean   :  12898  "
"61","","nonfamily_households","3rd Qu.:   8495  "
"62","","nonfamily_households","Max.   :1091276  "
"63","","nonfamily_households",NA
"64","","family_households","Min.   :     15  "
"65","","family_households","1st Qu.:   2827  "
"66","","family_households","Median :   6604  "
"67","","family_households","Mean   :  24920  "
"68","","family_households","3rd Qu.:  17211  "
"69","","family_households","Max.   :2203922  "
"70","","family_households",NA
"71","","median_year_structure_built","Min.   :1939  "
"72","","median_year_structure_built","1st Qu.:1968  "
"73","","median_year_structure_built","Median :1977  "
"74","","median_year_structure_built","Mean   :1975  "
"75","","median_year_structure_built","3rd Qu.:1983  "
"76","","median_year_structure_built","Max.   :2003  "
"77","","median_year_structure_built","NA's   :1  "
"78","","rent_burden_not_computed.V1","Min.   :-0.348598  "
"79","","rent_burden_not_computed.V1","1st Qu.:-0.285490  "
"80","","rent_burden_not_computed.V1","Median :-0.217238  "
"81","","rent_burden_not_computed.V1","Mean   : 0.000000  "
"82","","rent_burden_not_computed.V1","3rd Qu.:-0.056040  "
"83","","rent_burden_not_computed.V1","Max.   :28.935934  "
"84","","rent_burden_not_computed.V1",""
"85","","rent_over_50_percent.V1","Min.   :-0.22129  "
"86","","rent_over_50_percent.V1","1st Qu.:-0.21022  "
"87","","rent_over_50_percent.V1","Median :-0.18807  "
"88","","rent_over_50_percent.V1","Mean   : 0.00000  "
"89","","rent_over_50_percent.V1","3rd Qu.:-0.11357  "
"90","","rent_over_50_percent.V1","Max.   :36.47766  "
"91","","rent_over_50_percent.V1",""
"92","","rent_40_to_50_percent","Min.   :     0.0  "
"93","","rent_40_to_50_percent","1st Qu.:    60.0  "
"94","","rent_40_to_50_percent","Median :   193.0  "
"95","","rent_40_to_50_percent","Mean   :  1167.2  "
"96","","rent_40_to_50_percent","3rd Qu.:   614.5  "
"97","","rent_40_to_50_percent","Max.   :177284.0  "
"98","","rent_40_to_50_percent",NA
"99","","rent_35_to_40_percent","Min.   :     0.0  "
"100","","rent_35_to_40_percent","1st Qu.:    42.0  "
"101","","rent_35_to_40_percent","Median :   135.5  "
"102","","rent_35_to_40_percent","Mean   :   848.5  "
"103","","rent_35_to_40_percent","3rd Qu.:   449.0  "
"104","","rent_35_to_40_percent","Max.   :124762.0  "
"105","","rent_35_to_40_percent",NA
"106","","rent_30_to_35_percent","Min.   :     0.0  "
"107","","rent_30_to_35_percent","1st Qu.:    67.0  "
"108","","rent_30_to_35_percent","Median :   194.0  "
"109","","rent_30_to_35_percent","Mean   :  1156.6  "
"110","","rent_30_to_35_percent","3rd Qu.:   617.2  "
"111","","rent_30_to_35_percent","Max.   :161522.0  "
"112","","rent_30_to_35_percent",NA
"113","","rent_25_to_30_percent","Min.   :     0  "
"114","","rent_25_to_30_percent","1st Qu.:    87  "
"115","","rent_25_to_30_percent","Median :   257  "
"116","","rent_25_to_30_percent","Mean   :  1458  "
"117","","rent_25_to_30_percent","3rd Qu.:   767  "
"118","","rent_25_to_30_percent","Max.   :186079  "
"119","","rent_25_to_30_percent",NA
"120","","rent_20_to_25_percent","Min.   :     0.0  "
"121","","rent_20_to_25_percent","1st Qu.:    98.0  "
"122","","rent_20_to_25_percent","Median :   274.5  "
"123","","rent_20_to_25_percent","Mean   :  1611.2  "
"124","","rent_20_to_25_percent","3rd Qu.:   864.8  "
"125","","rent_20_to_25_percent","Max.   :190808.0  "
"126","","rent_20_to_25_percent",NA
"127","","rent_15_to_20_percent","Min.   :     0.0  "
"128","","rent_15_to_20_percent","1st Qu.:   111.0  "
"129","","rent_15_to_20_percent","Median :   306.5  "
"130","","rent_15_to_20_percent","Mean   :  1592.9  "
"131","","rent_15_to_20_percent","3rd Qu.:   933.5  "
"132","","rent_15_to_20_percent","Max.   :171288.0  "
"133","","rent_15_to_20_percent",NA
"134","","rent_10_to_15_percent","Min.   :     0.0  "
"135","","rent_10_to_15_percent","1st Qu.:    99.0  "
"136","","rent_10_to_15_percent","Median :   251.0  "
"137","","rent_10_to_15_percent","Mean   :  1100.0  "
"138","","rent_10_to_15_percent","3rd Qu.:   694.2  "
"139","","rent_10_to_15_percent","Max.   :104745.0  "
"140","","rent_10_to_15_percent",NA
"141","","rent_under_10_percent","Min.   :    0.0  "
"142","","rent_under_10_percent","1st Qu.:   56.0  "
"143","","rent_under_10_percent","Median :  135.0  "
"144","","rent_under_10_percent","Mean   :  495.1  "
"145","","rent_under_10_percent","3rd Qu.:  341.8  "
"146","","rent_under_10_percent","Max.   :49983.0  "
"147","","rent_under_10_percent",NA
"148","","   total_pop.V1    ","Min.   :-0.310978  "
"149","","   total_pop.V1    ","1st Qu.:-0.277863  "
"150","","   total_pop.V1    ","Median :-0.232945  "
"151","","   total_pop.V1    ","Mean   : 0.000000  "
"152","","   total_pop.V1    ","3rd Qu.:-0.105761  "
"153","","   total_pop.V1    ","Max.   :30.471502  "
"154","","   total_pop.V1    ",""
"155","","    male_pop.V1    ","Min.   :-0.311775  "
"156","","    male_pop.V1    ","1st Qu.:-0.277805  "
"157","","    male_pop.V1    ","Median :-0.232617  "
"158","","    male_pop.V1    ","Mean   : 0.000000  "
"159","","    male_pop.V1    ","3rd Qu.:-0.104299  "
"160","","    male_pop.V1    ","Max.   :30.581939  "
"161","","    male_pop.V1    ",""
"162","","   female_pop.V1   ","Min.   :-0.310139  "
"163","","   female_pop.V1   ","1st Qu.:-0.277682  "
"164","","   female_pop.V1   ","Median :-0.233259  "
"165","","   female_pop.V1   ","Mean   : 0.000000  "
"166","","   female_pop.V1   ","3rd Qu.:-0.106288  "
"167","","   female_pop.V1   ","Max.   :30.358067  "
"168","","   female_pop.V1   ",""
"169","","   median_age.V1   ","Min.   :-3.635576  "
"170","","   median_age.V1   ","1st Qu.:-0.604967  "
"171","","   median_age.V1   ","Median : 0.008592  "
"172","","   median_age.V1   ","Mean   : 0.000000  "
"173","","   median_age.V1   ","3rd Qu.: 0.566373  "
"174","","   median_age.V1   ","Max.   : 4.693951  "
"175","","   median_age.V1   ",""
"176","","   white_pop.V1    ","Min.   :-0.438844  "
"177","","   white_pop.V1    ","1st Qu.:-0.382390  "
"178","","   white_pop.V1    ","Median :-0.297709  "
"179","","   white_pop.V1    ","Mean   : 0.000000  "
"180","","   white_pop.V1    ","3rd Qu.:-0.064933  "
"181","","   white_pop.V1    ","Max.   :18.276811  "
"182","","   white_pop.V1    ",""
"183","","   black_pop.V1    ","Min.   :-0.232196  "
"184","","   black_pop.V1    ","1st Qu.:-0.230439  "
"185","","   black_pop.V1    ","Median :-0.218176  "
"186","","   black_pop.V1    ","Mean   : 0.000000  "
"187","","   black_pop.V1    ","3rd Qu.:-0.132390  "
"188","","   black_pop.V1    ","Max.   :22.445616  "
"189","","   black_pop.V1    ",""
"190","","  asian_pop","Min.   :      0.0  "
"191","","  asian_pop","1st Qu.:     31.0  "
"192","","  asian_pop","Median :    138.0  "
"193","","  asian_pop","Mean   :   5407.2  "
"194","","  asian_pop","3rd Qu.:    712.5  "
"195","","  asian_pop","Max.   :1442577.0  "
"196","","  asian_pop",NA
"197",""," hispanic_pop.V1  ","Min.   :-0.14440  "
"198",""," hispanic_pop.V1  ","1st Qu.:-0.14181  "
"199",""," hispanic_pop.V1  ","Median :-0.13617  "
"200",""," hispanic_pop.V1  ","Mean   : 0.00000  "
"201",""," hispanic_pop.V1  ","3rd Qu.:-0.10531  "
"202",""," hispanic_pop.V1  ","Max.   :39.14547  "
"203",""," hispanic_pop.V1  ",""
"204",""," amerindian_pop.V1 ","Min.   :-0.229431  "
"205",""," amerindian_pop.V1 ","1st Qu.:-0.221188  "
"206",""," amerindian_pop.V1 ","Median :-0.196629  "
"207",""," amerindian_pop.V1 ","Mean   : 0.000000  "
"208",""," amerindian_pop.V1 ","3rd Qu.:-0.109902  "
"209",""," amerindian_pop.V1 ","Max.   :21.788000  "
"210",""," amerindian_pop.V1 ",""
"211","","other_race_pop.V1 ","Min.   :-0.17803  "
"212","","other_race_pop.V1 ","1st Qu.:-0.17803  "
"213","","other_race_pop.V1 ","Median :-0.17021  "
"214","","other_race_pop.V1 ","Mean   : 0.00000  "
"215","","other_race_pop.V1 ","3rd Qu.:-0.12095  "
"216","","other_race_pop.V1 ","Max.   :36.09664  "
"217","","other_race_pop.V1 ",""
"218","","two_or_more_races_pop","Min.   :     0  "
"219","","two_or_more_races_pop","1st Qu.:   137  "
"220","","two_or_more_races_pop","Median :   396  "
"221","","two_or_more_races_pop","Mean   :  2372  "
"222","","two_or_more_races_pop","3rd Qu.:  1390  "
"223","","two_or_more_races_pop","Max.   :219180  "
"224","","two_or_more_races_pop",NA
"225","","not_hispanic_pop","Min.   :     62  "
"226","","not_hispanic_pop","1st Qu.:   9935  "
"227","","not_hispanic_pop","Median :  23932  "
"228","","not_hispanic_pop","Mean   :  84180  "
"229","","not_hispanic_pop","3rd Qu.:  63026  "
"230","","not_hispanic_pop","Max.   :5212143  "
"231","","not_hispanic_pop",NA
"232","","commuters_by_public_transportation","Min.   :     0  "
"233","","commuters_by_public_transportation","1st Qu.:     6  "
"234","","commuters_by_public_transportation","Median :    33  "
"235","","commuters_by_public_transportation","Mean   :  2421  "
"236","","commuters_by_public_transportation","3rd Qu.:   145  "
"237","","commuters_by_public_transportation","Max.   :735534  "
"238","","commuters_by_public_transportation",NA
"239","","  households","Min.   :     31  "
"240","","  households","1st Qu.:   4256  "
"241","","  households","Median :   9850  "
"242","","  households","Mean   :  37819  "
"243","","  households","3rd Qu.:  25873  "
"244","","  households","Max.   :3295198  "
"245","","  households",NA
"246","","median_income","Min.   : 19264  "
"247","","median_income","1st Qu.: 41123  "
"248","","median_income","Median : 48066  "
"249","","median_income","Mean   : 49754  "
"250","","median_income","3rd Qu.: 55764  "
"251","","median_income","Max.   :129588  "
"252","","median_income",NA
"253","","income_per_capita","Min.   : 9334  "
"254","","income_per_capita","1st Qu.:21810  "
"255","","income_per_capita","Median :25273  "
"256","","income_per_capita","Mean   :26040  "
"257","","income_per_capita","3rd Qu.:29126  "
"258","","income_per_capita","Max.   :69529  "
"259","","income_per_capita",NA
"260","","housing_units","Min.   :     59  "
"261","","housing_units","1st Qu.:   5457  "
"262","","housing_units","Median :  12406  "
"263","","housing_units","Mean   :  43092  "
"264","","housing_units","3rd Qu.:  31284  "
"265","","housing_units","Max.   :3506903  "
"266","","housing_units",NA
"267","","vacant_housing_units","Min.   :    28.0  "
"268","","vacant_housing_units","1st Qu.:   958.2  "
"269","","vacant_housing_units","Median :  2041.5  "
"270","","vacant_housing_units","Mean   :  5273.0  "
"271","","vacant_housing_units","3rd Qu.:  4685.2  "
"272","","vacant_housing_units","Max.   :227426.0  "
"273","","vacant_housing_units",NA
"274","","vacant_housing_units_for_rent","Min.   :    0.0  "
"275","","vacant_housing_units_for_rent","1st Qu.:   66.0  "
"276","","vacant_housing_units_for_rent","Median :  193.0  "
"277","","vacant_housing_units_for_rent","Mean   :  903.4  "
"278","","vacant_housing_units_for_rent","3rd Qu.:  579.8  "
"279","","vacant_housing_units_for_rent","Max.   :62460.0  "
"280","","vacant_housing_units_for_rent",NA
"281","","vacant_housing_units_for_sale","Min.   :    0.0  "
"282","","vacant_housing_units_for_sale","1st Qu.:   50.0  "
"283","","vacant_housing_units_for_sale","Median :  147.0  "
"284","","vacant_housing_units_for_sale","Mean   :  428.5  "
"285","","vacant_housing_units_for_sale","3rd Qu.:  369.8  "
"286","","vacant_housing_units_for_sale","Max.   :25450.0  "
"287","","vacant_housing_units_for_sale",NA
"288",""," median_rent","Min.   : 140.0  "
"289",""," median_rent","1st Qu.: 424.0  "
"290",""," median_rent","Median : 510.5  "
"291",""," median_rent","Mean   : 563.4  "
"292",""," median_rent","3rd Qu.: 642.0  "
"293",""," median_rent","Max.   :1879.0  "
"294",""," median_rent","NA's   :2  "
"295","","percent_income_spent_on_rent","Min.   :10.00  "
"296","","percent_income_spent_on_rent","1st Qu.:25.30  "
"297","","percent_income_spent_on_rent","Median :28.10  "
"298","","percent_income_spent_on_rent","Mean   :27.82  "
"299","","percent_income_spent_on_rent","3rd Qu.:30.30  "
"300","","percent_income_spent_on_rent","Max.   :50.00  "
"301","","percent_income_spent_on_rent","NA's   :1  "
"302","","owner_occupied_housing_units","Min.   :      2  "
"303","","owner_occupied_housing_units","1st Qu.:   3156  "
"304","","owner_occupied_housing_units","Median :   7116  "
"305","","owner_occupied_housing_units","Mean   :  24135  "
"306","","owner_occupied_housing_units","3rd Qu.:  18107  "
"307","","owner_occupied_housing_units","Max.   :1512364  "
"308","","owner_occupied_housing_units",NA
"309","","million_dollar_housing_units","Min.   :    0.0  "
"310","","million_dollar_housing_units","1st Qu.:    2.0  "
"311","","million_dollar_housing_units","Median :   19.0  "
"312","","million_dollar_housing_units","Mean   :  352.3  "
"313","","million_dollar_housing_units","3rd Qu.:   67.0  "
"314","","million_dollar_housing_units","Max.   :98228.0  "
"315","","million_dollar_housing_units",NA
"316","","mortgaged_housing_units","Min.   :      0  "
"317","","mortgaged_housing_units","1st Qu.:   1416  "
"318","","mortgaged_housing_units","Median :   3627  "
"319","","mortgaged_housing_units","Mean   :  15336  "
"320","","mortgaged_housing_units","3rd Qu.:  10413  "
"321","","mortgaged_housing_units","Max.   :1103229  "
"322","","mortgaged_housing_units",NA
"323","","families_with_young_children","Min.   :     0.0  "
"324","","families_with_young_children","1st Qu.:   713.2  "
"325","","families_with_young_children","Median :  1728.5  "
"326","","families_with_young_children","Mean   :  7301.0  "
"327","","families_with_young_children","3rd Qu.:  4572.0  "
"328","","families_with_young_children","Max.   :725915.0  "
"329","","families_with_young_children",NA
"330","","two_parent_families_with_young_children","Min.   :     0.0  "
"331","","two_parent_families_with_young_children","1st Qu.:   430.2  "
"332","","two_parent_families_with_young_children","Median :  1037.0  "
"333","","two_parent_families_with_young_children","Mean   :  4729.6  "
"334","","two_parent_families_with_young_children","3rd Qu.:  2952.5  "
"335","","two_parent_families_with_young_children","Max.   :438223.0  "
"336","","two_parent_families_with_young_children",NA
"337","","two_parents_in_labor_force_families_with_young_children","Min.   :     0  "
"338","","two_parents_in_labor_force_families_with_young_children","1st Qu.:   239  "
"339","","two_parents_in_labor_force_families_with_young_children","Median :   610  "
"340","","two_parents_in_labor_force_families_with_young_children","Mean   :  2772  "
"341","","two_parents_in_labor_force_families_with_young_children","3rd Qu.:  1694  "
"342","","two_parents_in_labor_force_families_with_young_children","Max.   :242644  "
"343","","two_parents_in_labor_force_families_with_young_children",NA
"344","","two_parents_father_in_labor_force_families_with_young_children","Min.   :     0  "
"345","","two_parents_father_in_labor_force_families_with_young_children","1st Qu.:   140  "
"346","","two_parents_father_in_labor_force_families_with_young_children","Median :   374  "
"347","","two_parents_father_in_labor_force_families_with_young_children","Mean   :  1740  "
"348","","two_parents_father_in_labor_force_families_with_young_children","3rd Qu.:  1058  "
"349","","two_parents_father_in_labor_force_families_with_young_children","Max.   :174194  "
"350","","two_parents_father_in_labor_force_families_with_young_children",NA
"351","","two_parents_mother_in_labor_force_families_with_young_children","Min.   :    0.0  "
"352","","two_parents_mother_in_labor_force_families_with_young_children","1st Qu.:    5.0  "
"353","","two_parents_mother_in_labor_force_families_with_young_children","Median :   30.0  "
"354","","two_parents_mother_in_labor_force_families_with_young_children","Mean   :  148.3  "
"355","","two_parents_mother_in_labor_force_families_with_young_children","3rd Qu.:  103.0  "
"356","","two_parents_mother_in_labor_force_families_with_young_children","Max.   :13920.0  "
"357","","two_parents_mother_in_labor_force_families_with_young_children",NA
"358","","two_parents_not_in_labor_force_families_with_young_children","Min.   :   0.00  "
"359","","two_parents_not_in_labor_force_families_with_young_children","1st Qu.:   0.00  "
"360","","two_parents_not_in_labor_force_families_with_young_children","Median :  12.00  "
"361","","two_parents_not_in_labor_force_families_with_young_children","Mean   :  69.27  "
"362","","two_parents_not_in_labor_force_families_with_young_children","3rd Qu.:  52.00  "
"363","","two_parents_not_in_labor_force_families_with_young_children","Max.   :7465.00  "
"364","","two_parents_not_in_labor_force_families_with_young_children",NA
"365","","one_parent_families_with_young_children","Min.   :     0  "
"366","","one_parent_families_with_young_children","1st Qu.:   239  "
"367","","one_parent_families_with_young_children","Median :   637  "
"368","","one_parent_families_with_young_children","Mean   :  2571  "
"369","","one_parent_families_with_young_children","3rd Qu.:  1644  "
"370","","one_parent_families_with_young_children","Max.   :287692  "
"371","","one_parent_families_with_young_children",NA
"372","","father_one_parent_families_with_young_children","Min.   :    0.0  "
"373","","father_one_parent_families_with_young_children","1st Qu.:   53.0  "
"374","","father_one_parent_families_with_young_children","Median :  152.0  "
"375","","father_one_parent_families_with_young_children","Mean   :  594.1  "
"376","","father_one_parent_families_with_young_children","3rd Qu.:  420.5  "
"377","","father_one_parent_families_with_young_children","Max.   :75310.0  "
"378","","father_one_parent_families_with_young_children",NA
"379","","father_in_labor_force_one_parent_families_with_young_children","Min.   :    0  "
"380","","father_in_labor_force_one_parent_families_with_young_children","1st Qu.:   45  "
"381","","father_in_labor_force_one_parent_families_with_young_children","Median :  133  "
"382","","father_in_labor_force_one_parent_families_with_young_children","Mean   :  530  "
"383","","father_in_labor_force_one_parent_families_with_young_children","3rd Qu.:  373  "
"384","","father_in_labor_force_one_parent_families_with_young_children","Max.   :68691  "
"385","","father_in_labor_force_one_parent_families_with_young_children",NA
"386","","commute_10_14_mins","Min.   :     2  "
"387","","commute_10_14_mins","1st Qu.:   529  "
"388","","commute_10_14_mins","Median :  1522  "
"389","","commute_10_14_mins","Mean   :  6124  "
"390","","commute_10_14_mins","3rd Qu.:  4704  "
"391","","commute_10_14_mins","Max.   :471609  "
"392","","commute_10_14_mins",NA
"393","","commute_15_19_mins","Min.   :     0.0  "
"394","","commute_15_19_mins","1st Qu.:   473.2  "
"395","","commute_15_19_mins","Median :  1345.5  "
"396","","commute_15_19_mins","Mean   :  6885.2  "
"397","","commute_15_19_mins","3rd Qu.:  4530.0  "
"398","","commute_15_19_mins","Max.   :601972.0  "
"399","","commute_15_19_mins",NA
"400","","commute_20_24_mins","Min.   :     0  "
"401","","commute_20_24_mins","1st Qu.:   400  "
"402","","commute_20_24_mins","Median :  1130  "
"403","","commute_20_24_mins","Mean   :  6552  "
"404","","commute_20_24_mins","3rd Qu.:  3646  "
"405","","commute_20_24_mins","Max.   :609158  "
"406","","commute_20_24_mins",NA
"407","","commute_25_29_mins","Min.   :     0  "
"408","","commute_25_29_mins","1st Qu.:   175  "
"409","","commute_25_29_mins","Median :   490  "
"410","","commute_25_29_mins","Mean   :  2864  "
"411","","commute_25_29_mins","3rd Qu.:  1583  "
"412","","commute_25_29_mins","Max.   :241388  "
"413","","commute_25_29_mins",NA
"414","","commute_30_34_mins","Min.   :     0.0  "
"415","","commute_30_34_mins","1st Qu.:   420.5  "
"416","","commute_30_34_mins","Median :  1070.5  "
"417","","commute_30_34_mins","Mean   :  6157.2  "
"418","","commute_30_34_mins","3rd Qu.:  3023.8  "
"419","","commute_30_34_mins","Max.   :778603.0  "
"420","","commute_30_34_mins",NA
"421","","commute_45_59_mins.V1","Min.   :-0.236102  "
"422","","commute_45_59_mins.V1","1st Qu.:-0.219666  "
"423","","commute_45_59_mins.V1","Median :-0.191066  "
"424","","commute_45_59_mins.V1","Mean   : 0.000000  "
"425","","commute_45_59_mins.V1","3rd Qu.:-0.113142  "
"426","","commute_45_59_mins.V1","Max.   :30.215264  "
"427","","commute_45_59_mins.V1",""
"428","","aggregate_travel_time_to_work.V1","Min.   :-0.275430  "
"429","","aggregate_travel_time_to_work.V1","1st Qu.:-0.250466  "
"430","","aggregate_travel_time_to_work.V1","Median :-0.212998  "
"431","","aggregate_travel_time_to_work.V1","Mean   : 0.000000  "
"432","","aggregate_travel_time_to_work.V1","3rd Qu.:-0.077921  "
"433","","aggregate_travel_time_to_work.V1","Max.   :30.149763  "
"434","","aggregate_travel_time_to_work.V1",""
"435","","income_less_10000.V1","Min.   :-0.321207  "
"436","","income_less_10000.V1","1st Qu.:-0.280417  "
"437","","income_less_10000.V1","Median :-0.224188  "
"438","","income_less_10000.V1","Mean   : 0.000000  "
"439","","income_less_10000.V1","3rd Qu.:-0.081328  "
"440","","income_less_10000.V1","Max.   :25.329778  "
"441","","income_less_10000.V1",""
"442","","income_10000_14999.V1","Min.   :-0.32974  "
"443","","income_10000_14999.V1","1st Qu.:-0.28192  "
"444","","income_10000_14999.V1","Median :-0.21748  "
"445","","income_10000_14999.V1","Mean   : 0.00000  "
"446","","income_10000_14999.V1","3rd Qu.:-0.06885  "
"447","","income_10000_14999.V1","Max.   :31.77451  "
"448","","income_10000_14999.V1",""
"449","","income_15000_19999.V1","Min.   :-0.344616  "
"450","","income_15000_19999.V1","1st Qu.:-0.295460  "
"451","","income_15000_19999.V1","Median :-0.228155  "
"452","","income_15000_19999.V1","Mean   : 0.000000  "
"453","","income_15000_19999.V1","3rd Qu.:-0.074874  "
"454","","income_15000_19999.V1","Max.   :29.165655  "
"455","","income_15000_19999.V1",""
"456","","income_20000_24999","Min.   :     0.0  "
"457","","income_20000_24999","1st Qu.:   262.2  "
"458","","income_20000_24999","Median :   616.5  "
"459","","income_20000_24999","Mean   :  1881.2  "
"460","","income_20000_24999","3rd Qu.:  1461.8  "
"461","","income_20000_24999","Max.   :162639.0  "
"462","","income_20000_24999",NA
"463","","income_25000_29999","Min.   :     0  "
"464","","income_25000_29999","1st Qu.:   246  "
"465","","income_25000_29999","Median :   578  "
"466","","income_25000_29999","Mean   :  1788  "
"467","","income_25000_29999","3rd Qu.:  1394  "
"468","","income_25000_29999","Max.   :144700  "
"469","","income_25000_29999",NA
"470","","income_30000_34999","Min.   :     0.0  "
"471","","income_30000_34999","1st Qu.:   245.0  "
"472","","income_30000_34999","Median :   578.5  "
"473","","income_30000_34999","Mean   :  1817.7  "
"474","","income_30000_34999","3rd Qu.:  1407.0  "
"475","","income_30000_34999","Max.   :149564.0  "
"476","","income_30000_34999",NA
"477","","income_35000_39999","Min.   :     0.0  "
"478","","income_35000_39999","1st Qu.:   214.2  "
"479","","income_35000_39999","Median :   528.5  "
"480","","income_35000_39999","Mean   :  1697.3  "
"481","","income_35000_39999","3rd Qu.:  1298.0  "
"482","","income_35000_39999","Max.   :135954.0  "
"483","","income_35000_39999",NA
"484","","income_40000_44999","Min.   :     0.0  "
"485","","income_40000_44999","1st Qu.:   214.2  "
"486","","income_40000_44999","Median :   507.0  "
"487","","income_40000_44999","Mean   :  1704.2  "
"488","","income_40000_44999","3rd Qu.:  1291.5  "
"489","","income_40000_44999","Max.   :138917.0  "
"490","","income_40000_44999",NA
"491","","income_45000_49999","Min.   :     0  "
"492","","income_45000_49999","1st Qu.:   188  "
"493","","income_45000_49999","Median :   435  "
"494","","income_45000_49999","Mean   :  1504  "
"495","","income_45000_49999","3rd Qu.:  1156  "
"496","","income_45000_49999","Max.   :120529  "
"497","","income_45000_49999",NA
"498","","income_50000_59999","Min.   :     3.0  "
"499","","income_50000_59999","1st Qu.:   346.2  "
"500","","income_50000_59999","Median :   822.0  "
"501","","income_50000_59999","Mean   :  2922.3  "
"502","","income_50000_59999","3rd Qu.:  2149.8  "
"503","","income_50000_59999","Max.   :233537.0  "
"504","","income_50000_59999",NA
"505","","income_60000_74999","Min.   :     2  "
"506","","income_60000_74999","1st Qu.:   416  "
"507","","income_60000_74999","Median :  1026  "
"508","","income_60000_74999","Mean   :  3761  "
"509","","income_60000_74999","3rd Qu.:  2690  "
"510","","income_60000_74999","Max.   :306351  "
"511","","income_60000_74999",NA
"512","","income_75000_99999","Min.   :     2  "
"513","","income_75000_99999","1st Qu.:   459  "
"514","","income_75000_99999","Median :  1148  "
"515","","income_75000_99999","Mean   :  4658  "
"516","","income_75000_99999","3rd Qu.:  3189  "
"517","","income_75000_99999","Max.   :387502  "
"518","","income_75000_99999",NA
"519","","income_100000_124999","Min.   :     0.0  "
"520","","income_100000_124999","1st Qu.:   263.2  "
"521","","income_100000_124999","Median :   675.5  "
"522","","income_100000_124999","Mean   :  3269.8  "
"523","","income_100000_124999","3rd Qu.:  2062.2  "
"524","","income_100000_124999","Max.   :287785.0  "
"525","","income_100000_124999",NA
"526","","income_125000_149999","Min.   :     0.0  "
"527","","income_125000_149999","1st Qu.:   127.2  "
"528","","income_125000_149999","Median :   353.0  "
"529","","income_125000_149999","Mean   :  2045.8  "
"530","","income_125000_149999","3rd Qu.:  1096.8  "
"531","","income_125000_149999","Max.   :189618.0  "
"532","","income_125000_149999",NA
"533","","income_150000_199999","Min.   :     0.0  "
"534","","income_150000_199999","1st Qu.:   101.0  "
"535","","income_150000_199999","Median :   280.0  "
"536","","income_150000_199999","Mean   :  2206.0  "
"537","","income_150000_199999","3rd Qu.:   976.5  "
"538","","income_150000_199999","Max.   :224078.0  "
"539","","income_150000_199999",NA
"540","","income_200000_or_more","Min.   :     0.0  "
"541","","income_200000_or_more","1st Qu.:    78.0  "
"542","","income_200000_or_more","Median :   209.0  "
"543","","income_200000_or_more","Mean   :  2376.0  "
"544","","income_200000_or_more","3rd Qu.:   784.5  "
"545","","income_200000_or_more","Max.   :277335.0  "
"546","","income_200000_or_more",NA
"547","","renter_occupied_housing_units_paying_cash_median_gross_rent","Min.   : 288.0  "
"548","","renter_occupied_housing_units_paying_cash_median_gross_rent","1st Qu.: 607.0  "
"549","","renter_occupied_housing_units_paying_cash_median_gross_rent","Median : 681.0  "
"550","","renter_occupied_housing_units_paying_cash_median_gross_rent","Mean   : 734.6  "
"551","","renter_occupied_housing_units_paying_cash_median_gross_rent","3rd Qu.: 811.0  "
"552","","renter_occupied_housing_units_paying_cash_median_gross_rent","Max.   :1973.0  "
"553","","renter_occupied_housing_units_paying_cash_median_gross_rent","NA's   :1  "
"554","","owner_occupied_housing_units_lower_value_quartile","Min.   :  9999  "
"555","","owner_occupied_housing_units_lower_value_quartile","1st Qu.: 53725  "
"556","","owner_occupied_housing_units_lower_value_quartile","Median : 72100  "
"557","","owner_occupied_housing_units_lower_value_quartile","Mean   : 89208  "
"558","","owner_occupied_housing_units_lower_value_quartile","3rd Qu.:103700  "
"559","","owner_occupied_housing_units_lower_value_quartile","Max.   :679500  "
"560","","owner_occupied_housing_units_lower_value_quartile","NA's   :4  "
"561","","owner_occupied_housing_units_median_value","Min.   : 18700  "
"562","","owner_occupied_housing_units_median_value","1st Qu.: 89975  "
"563","","owner_occupied_housing_units_median_value","Median :117700  "
"564","","owner_occupied_housing_units_median_value","Mean   :141343  "
"565","","owner_occupied_housing_units_median_value","3rd Qu.:163325  "
"566","","owner_occupied_housing_units_median_value","Max.   :995900  "
"567","","owner_occupied_housing_units_median_value","NA's   :2  "
"568","","owner_occupied_housing_units_upper_value_quartile","Min.   :  58100  "
"569","","owner_occupied_housing_units_upper_value_quartile","1st Qu.: 157650  "
"570","","owner_occupied_housing_units_upper_value_quartile","Median : 188100  "
"571","","owner_occupied_housing_units_upper_value_quartile","Mean   : 221486  "
"572","","owner_occupied_housing_units_upper_value_quartile","3rd Qu.: 247700  "
"573","","owner_occupied_housing_units_upper_value_quartile","Max.   :1801300  "
"574","","owner_occupied_housing_units_upper_value_quartile","NA's   :3  "
"575","","married_households","Min.   :     15  "
"576","","married_households","1st Qu.:   2176  "
"577","","married_households","Median :   5046  "
"578","","married_households","Mean   :  18288  "
"579","","married_households","3rd Qu.:  12900  "
"580","","married_households","Max.   :1477624  "
"581","","married_households",NA
"582","","occupied_housing_units","Min.   :     31  "
"583","","occupied_housing_units","1st Qu.:   4256  "
"584","","occupied_housing_units","Median :   9850  "
"585","","occupied_housing_units","Mean   :  37819  "
"586","","occupied_housing_units","3rd Qu.:  25873  "
"587","","occupied_housing_units","Max.   :3295198  "
"588","","occupied_housing_units",NA
"589","","housing_units_renter_occupied","Min.   :     11  "
"590","","housing_units_renter_occupied","1st Qu.:   1093  "
"591","","housing_units_renter_occupied","Median :   2658  "
"592","","housing_units_renter_occupied","Mean   :  13683  "
"593","","housing_units_renter_occupied","3rd Qu.:   7642  "
"594","","housing_units_renter_occupied","Max.   :1782834  "
"595","","housing_units_renter_occupied",NA
"596","","dwellings_1_units_detached","Min.   :     26  "
"597","","dwellings_1_units_detached","1st Qu.:   4034  "
"598","","dwellings_1_units_detached","Median :   8786  "
"599","","dwellings_1_units_detached","Mean   :  26591  "
"600","","dwellings_1_units_detached","3rd Qu.:  22183  "
"601","","dwellings_1_units_detached","Max.   :1729296  "
"602","","dwellings_1_units_detached",NA
"603","","dwellings_1_units_attached","Min.   :     0  "
"604","","dwellings_1_units_attached","1st Qu.:    37  "
"605","","dwellings_1_units_attached","Median :   141  "
"606","","dwellings_1_units_attached","Mean   :  2515  "
"607","","dwellings_1_units_attached","3rd Qu.:   726  "
"608","","dwellings_1_units_attached","Max.   :401052  "
"609","","dwellings_1_units_attached",NA
"610","","dwellings_2_units","Min.   :     0.0  "
"611","","dwellings_2_units","1st Qu.:    76.0  "
"612","","dwellings_2_units","Median :   253.0  "
"613","","dwellings_2_units","Mean   :  1575.0  "
"614","","dwellings_2_units","3rd Qu.:   825.2  "
"615","","dwellings_2_units","Max.   :211997.0  "
"616","","dwellings_2_units",NA
"617","","dwellings_3_to_4_units.V1","Min.   :-0.225942  "
"618","","dwellings_3_to_4_units.V1","1st Qu.:-0.214607  "
"619","","dwellings_3_to_4_units.V1","Median :-0.192178  "
"620","","dwellings_3_to_4_units.V1","Mean   : 0.000000  "
"621","","dwellings_3_to_4_units.V1","3rd Qu.:-0.107350  "
"622","","dwellings_3_to_4_units.V1","Max.   :27.962510  "
"623","","dwellings_3_to_4_units.V1",""
"624","","dwellings_5_to_9_units","Min.   :     0.0  "
"625","","dwellings_5_to_9_units","1st Qu.:    70.0  "
"626","","dwellings_5_to_9_units","Median :   241.5  "
"627","","dwellings_5_to_9_units","Mean   :  2050.0  "
"628","","dwellings_5_to_9_units","3rd Qu.:   950.5  "
"629","","dwellings_5_to_9_units","Max.   :272661.0  "
"630","","dwellings_5_to_9_units",NA
"631","","dwellings_10_to_19_units","Min.   :     0.0  "
"632","","dwellings_10_to_19_units","1st Qu.:    33.0  "
"633","","dwellings_10_to_19_units","Median :   132.0  "
"634","","dwellings_10_to_19_units","Mean   :  1926.8  "
"635","","dwellings_10_to_19_units","3rd Qu.:   626.2  "
"636","","dwellings_10_to_19_units","Max.   :269963.0  "
"637","","dwellings_10_to_19_units",NA
"638","","dwellings_20_to_49_units","Min.   :     0.0  "
"639","","dwellings_20_to_49_units","1st Qu.:    26.0  "
"640","","dwellings_20_to_49_units","Median :   107.0  "
"641","","dwellings_20_to_49_units","Mean   :  1543.7  "
"642","","dwellings_20_to_49_units","3rd Qu.:   448.8  "
"643","","dwellings_20_to_49_units","Max.   :315498.0  "
"644","","dwellings_20_to_49_units",NA
"645","","dwellings_50_or_more_units.V1","Min.   :-0.142022  "
"646","","dwellings_50_or_more_units.V1","1st Qu.:-0.141833  "
"647","","dwellings_50_or_more_units.V1","Median :-0.138300  "
"648","","dwellings_50_or_more_units.V1","Mean   : 0.000000  "
"649","","dwellings_50_or_more_units.V1","3rd Qu.:-0.117989  "
"650","","dwellings_50_or_more_units.V1","Max.   :30.373761  "
"651","","dwellings_50_or_more_units.V1",""
"652",""," mobile_homes","Min.   :    0  "
"653",""," mobile_homes","1st Qu.:  572  "
"654",""," mobile_homes","Median : 1487  "
"655",""," mobile_homes","Mean   : 2708  "
"656",""," mobile_homes","3rd Qu.: 3094  "
"657",""," mobile_homes","Max.   :86275  "
"658",""," mobile_homes",NA
"659","","housing_built_2005_or_later","Min.   :    0.0  "
"660","","housing_built_2005_or_later","1st Qu.:   19.0  "
"661","","housing_built_2005_or_later","Median :   68.0  "
"662","","housing_built_2005_or_later","Mean   :  378.8  "
"663","","housing_built_2005_or_later","3rd Qu.:  209.0  "
"664","","housing_built_2005_or_later","Max.   :29571.0  "
"665","","housing_built_2005_or_later",NA
"666","","housing_built_2000_to_2004","Min.   :    0.0  "
"667","","housing_built_2000_to_2004","1st Qu.:   80.0  "
"668","","housing_built_2000_to_2004","Median :  225.0  "
"669","","housing_built_2000_to_2004","Mean   :  990.5  "
"670","","housing_built_2000_to_2004","3rd Qu.:  667.2  "
"671","","housing_built_2000_to_2004","Max.   :72857.0  "
"672","","housing_built_2000_to_2004",NA
"673","","housing_built_1939_or_earlier.V1","Min.   :-0.22573  "
"674","","housing_built_1939_or_earlier.V1","1st Qu.:-0.19891  "
"675","","housing_built_1939_or_earlier.V1","Median :-0.16896  "
"676","","housing_built_1939_or_earlier.V1","Mean   : 0.00000  "
"677","","housing_built_1939_or_earlier.V1","3rd Qu.:-0.09045  "
"678","","housing_built_1939_or_earlier.V1","Max.   :38.26479  "
"679","","housing_built_1939_or_earlier.V1",""
"680",""," male_under_5","Min.   :     0.0  "
"681",""," male_under_5","1st Qu.:   315.2  "
"682",""," male_under_5","Median :   765.5  "
"683",""," male_under_5","Mean   :  3231.0  "
"684",""," male_under_5","3rd Qu.:  2050.8  "
"685",""," male_under_5","Max.   :323689.0  "
"686",""," male_under_5",NA
"687",""," male_5_to_9","Min.   :     0.0  "
"688",""," male_5_to_9","1st Qu.:   349.0  "
"689",""," male_5_to_9","Median :   817.5  "
"690",""," male_5_to_9","Mean   :  3319.9  "
"691",""," male_5_to_9","3rd Qu.:  2169.2  "
"692",""," male_5_to_9","Max.   :316314.0  "
"693",""," male_5_to_9",NA
"694","","male_10_to_14","Min.   :     0  "
"695","","male_10_to_14","1st Qu.:   359  "
"696","","male_10_to_14","Median :   855  "
"697","","male_10_to_14","Mean   :  3369  "
"698","","male_10_to_14","3rd Qu.:  2210  "
"699","","male_10_to_14","Max.   :320309  "
"700","","male_10_to_14",NA
"701","","male_15_to_17","Min.   :     0.0  "
"702","","male_15_to_17","1st Qu.:   226.0  "
"703","","male_15_to_17","Median :   523.5  "
"704","","male_15_to_17","Mean   :  2050.3  "
"705","","male_15_to_17","3rd Qu.:  1363.8  "
"706","","male_15_to_17","Max.   :202006.0  "
"707","","male_15_to_17",NA
"708","","male_18_to_19","Min.   :     0.0  "
"709","","male_18_to_19","1st Qu.:   133.0  "
"710","","male_18_to_19","Median :   338.0  "
"711","","male_18_to_19","Mean   :  1406.0  "
"712","","male_18_to_19","3rd Qu.:   939.8  "
"713","","male_18_to_19","Max.   :138475.0  "
"714","","male_18_to_19",NA
"715","","   male_20","Min.   :    0.00  "
"716","","   male_20","1st Qu.:   59.25  "
"717","","   male_20","Median :  175.00  "
"718","","   male_20","Mean   :  763.26  "
"719","","   male_20","3rd Qu.:  534.00  "
"720","","   male_20","Max.   :77364.00  "
"721","","   male_20",NA
"722","","   male_21","Min.   :    0.0  "
"723","","   male_21","1st Qu.:   60.0  "
"724","","   male_21","Median :  169.0  "
"725","","   male_21","Mean   :  749.1  "
"726","","   male_21","3rd Qu.:  506.8  "
"727","","   male_21","Max.   :78027.0  "
"728","","   male_21",NA
"729","","male_22_to_24","Min.   :     0.0  "
"730","","male_22_to_24","1st Qu.:   193.2  "
"731","","male_22_to_24","Median :   490.5  "
"732","","male_22_to_24","Mean   :  2164.0  "
"733","","male_22_to_24","3rd Qu.:  1407.0  "
"734","","male_22_to_24","Max.   :227674.0  "
"735","","male_22_to_24",NA
"736","","male_25_to_29","Min.   :     0.0  "
"737","","male_25_to_29","1st Qu.:   313.2  "
"738","","male_25_to_29","Median :   790.0  "
"739","","male_25_to_29","Mean   :  3621.4  "
"740","","male_25_to_29","3rd Qu.:  2146.8  "
"741","","male_25_to_29","Max.   :424133.0  "
"742","","male_25_to_29",NA
"743","","male_30_to_34","Min.   :     0  "
"744","","male_30_to_34","1st Qu.:   322  "
"745","","male_30_to_34","Median :   770  "
"746","","male_30_to_34","Mean   :  3462  "
"747","","male_30_to_34","3rd Qu.:  2096  "
"748","","male_30_to_34","Max.   :388004  "
"749","","male_30_to_34",NA
"750","","male_35_to_39","Min.   :     0.0  "
"751","","male_35_to_39","1st Qu.:   317.2  "
"752","","male_35_to_39","Median :   765.0  "
"753","","male_35_to_39","Mean   :  3237.0  "
"754","","male_35_to_39","3rd Qu.:  2015.8  "
"755","","male_35_to_39","Max.   :352715.0  "
"756","","male_35_to_39",NA
"757","","male_40_to_44","Min.   :     2  "
"758","","male_40_to_44","1st Qu.:   316  "
"759","","male_40_to_44","Median :   786  "
"760","","male_40_to_44","Mean   :  3206  "
"761","","male_40_to_44","3rd Qu.:  2044  "
"762","","male_40_to_44","Max.   :344565  "
"763","","male_40_to_44",NA
"764","","male_45_to_49","Min.   :     0.0  "
"765","","male_45_to_49","1st Qu.:   334.2  "
"766","","male_45_to_49","Median :   830.5  "
"767","","male_45_to_49","Mean   :  3301.8  "
"768","","male_45_to_49","3rd Qu.:  2145.0  "
"769","","male_45_to_49","Max.   :346873.0  "
"770","","male_45_to_49",NA
"771","","male_50_to_54","Min.   :     0.0  "
"772","","male_50_to_54","1st Qu.:   392.2  "
"773","","male_50_to_54","Median :   909.0  "
"774","","male_50_to_54","Mean   :  3458.3  "
"775","","male_50_to_54","3rd Qu.:  2365.5  "
"776","","male_50_to_54","Max.   :336491.0  "
"777","","male_50_to_54",NA
"778","","male_55_to_59","Min.   :     6  "
"779","","male_55_to_59","1st Qu.:   406  "
"780","","male_55_to_59","Median :   916  "
"781","","male_55_to_59","Mean   :  3321  "
"782","","male_55_to_59","3rd Qu.:  2340  "
"783","","male_55_to_59","Max.   :304382  "
"784","","male_55_to_59",NA
"785","","  male_60_61","Min.   :     0  "
"786","","  male_60_61","1st Qu.:   157  "
"787","","  male_60_61","Median :   363  "
"788","","  male_60_61","Mean   :  1244  "
"789","","  male_60_61","3rd Qu.:   912  "
"790","","  male_60_61","Max.   :110812  "
"791","","  male_60_61",NA
"792","","  male_62_64","Min.   :     0  "
"793","","  male_62_64","1st Qu.:   221  "
"794","","  male_62_64","Median :   501  "
"795","","  male_62_64","Mean   :  1687  "
"796","","  male_62_64","3rd Qu.:  1274  "
"797","","  male_62_64","Max.   :142602  "
"798","","  male_62_64",NA
"799","","male_65_to_66","Min.   :    0.0  "
"800","","male_65_to_66","1st Qu.:  136.0  "
"801","","male_65_to_66","Median :  319.0  "
"802","","male_65_to_66","Mean   : 1046.1  "
"803","","male_65_to_66","3rd Qu.:  805.8  "
"804","","male_65_to_66","Max.   :87048.0  "
"805","","male_65_to_66",NA
"806","","male_67_to_69","Min.   :     0.0  "
"807","","male_67_to_69","1st Qu.:   178.2  "
"808","","male_67_to_69","Median :   415.5  "
"809","","male_67_to_69","Mean   :  1348.0  "
"810","","male_67_to_69","3rd Qu.:  1063.8  "
"811","","male_67_to_69","Max.   :105052.0  "
"812","","male_67_to_69",NA
"813","","male_70_to_74","Min.   :     0.0  "
"814","","male_70_to_74","1st Qu.:   246.2  "
"815","","male_70_to_74","Median :   533.0  "
"816","","male_70_to_74","Mean   :  1698.1  "
"817","","male_70_to_74","3rd Qu.:  1357.0  "
"818","","male_70_to_74","Max.   :131080.0  "
"819","","male_70_to_74",NA
"820","","male_75_to_79","Min.   :    0.0  "
"821","","male_75_to_79","1st Qu.:  166.0  "
"822","","male_75_to_79","Median :  370.5  "
"823","","male_75_to_79","Mean   : 1163.1  "
"824","","male_75_to_79","3rd Qu.:  910.8  "
"825","","male_75_to_79","Max.   :92494.0  "
"826","","male_75_to_79",NA
"827","","male_80_to_84","Min.   :    0.0  "
"828","","male_80_to_84","1st Qu.:  106.0  "
"829","","male_80_to_84","Median :  236.0  "
"830","","male_80_to_84","Mean   :  774.5  "
"831","","male_80_to_84","3rd Qu.:  580.8  "
"832","","male_80_to_84","Max.   :65707.0  "
"833","","male_80_to_84",NA
"834","","male_85_and_over","Min.   :    0.0  "
"835","","male_85_and_over","1st Qu.:   82.0  "
"836","","male_85_and_over","Median :  185.5  "
"837","","male_85_and_over","Mean   :  671.4  "
"838","","male_85_and_over","3rd Qu.:  461.8  "
"839","","male_85_and_over","Max.   :63825.0  "
"840","","male_85_and_over",NA
"841","","female_under_5","Min.   :     0  "
"842","","female_under_5","1st Qu.:   307  "
"843","","female_under_5","Median :   738  "
"844","","female_under_5","Mean   :  3088  "
"845","","female_under_5","3rd Qu.:  1938  "
"846","","female_under_5","Max.   :308222  "
"847","","female_under_5",NA
"848","","female_5_to_9","Min.   :     0  "
"849","","female_5_to_9","1st Qu.:   327  "
"850","","female_5_to_9","Median :   792  "
"851","","female_5_to_9","Mean   :  3187  "
"852","","female_5_to_9","3rd Qu.:  2071  "
"853","","female_5_to_9","Max.   :303675  "
"854","","female_5_to_9",NA
"855","","female_10_to_14","Min.   :     0  "
"856","","female_10_to_14","1st Qu.:   336  "
"857","","female_10_to_14","Median :   811  "
"858","","female_10_to_14","Mean   :  3223  "
"859","","female_10_to_14","3rd Qu.:  2148  "
"860","","female_10_to_14","Max.   :305662  "
"861","","female_10_to_14",NA
"862","","female_15_to_17","Min.   :     0  "
"863","","female_15_to_17","1st Qu.:   208  "
"864","","female_15_to_17","Median :   494  "
"865","","female_15_to_17","Mean   :  1957  "
"866","","female_15_to_17","3rd Qu.:  1270  "
"867","","female_15_to_17","Max.   :193703  "
"868","","female_15_to_17",NA
"869","","female_18_to_19","Min.   :     0.0  "
"870","","female_18_to_19","1st Qu.:   113.0  "
"871","","female_18_to_19","Median :   287.5  "
"872","","female_18_to_19","Mean   :  1340.5  "
"873","","female_18_to_19","3rd Qu.:   884.8  "
"874","","female_18_to_19","Max.   :135187.0  "
"875","","female_18_to_19",NA
"876","","  female_20","Min.   :    0.0  "
"877","","  female_20","1st Qu.:   47.0  "
"878","","  female_20","Median :  151.0  "
"879","","  female_20","Mean   :  718.9  "
"880","","  female_20","3rd Qu.:  486.8  "
"881","","  female_20","Max.   :75554.0  "
"882","","  female_20",NA
"883","","  female_21","Min.   :    0.0  "
"884","","  female_21","1st Qu.:   50.0  "
"885","","  female_21","Median :  148.0  "
"886","","  female_21","Mean   :  708.1  "
"887","","  female_21","3rd Qu.:  471.0  "
"888","","  female_21","Max.   :72207.0  "
"889","","  female_21",NA
"890","","female_22_to_24","Min.   :     0.0  "
"891","","female_22_to_24","1st Qu.:   170.0  "
"892","","female_22_to_24","Median :   429.5  "
"893","","female_22_to_24","Mean   :  2058.4  "
"894","","female_22_to_24","3rd Qu.:  1256.0  "
"895","","female_22_to_24","Max.   :225803.0  "
"896","","female_22_to_24",NA
"897","","female_25_to_29","Min.   :     0.0  "
"898","","female_25_to_29","1st Qu.:   283.0  "
"899","","female_25_to_29","Median :   708.5  "
"900","","female_25_to_29","Mean   :  3510.0  "
"901","","female_25_to_29","3rd Qu.:  2007.5  "
"902","","female_25_to_29","Max.   :407143.0  "
"903","","female_25_to_29",NA
"904","","female_30_to_34","Min.   :     0  "
"905","","female_30_to_34","1st Qu.:   285  "
"906","","female_30_to_34","Median :   722  "
"907","","female_30_to_34","Mean   :  3424  "
"908","","female_30_to_34","3rd Qu.:  2010  "
"909","","female_30_to_34","Max.   :374615  "
"910","","female_30_to_34",NA
"911","","female_35_to_39","Min.   :     0.0  "
"912","","female_35_to_39","1st Qu.:   290.5  "
"913","","female_35_to_39","Median :   721.0  "
"914","","female_35_to_39","Mean   :  3252.3  "
"915","","female_35_to_39","3rd Qu.:  1954.0  "
"916","","female_35_to_39","Max.   :349879.0  "
"917","","female_35_to_39",NA
"918","","female_40_to_44","Min.   :     0.0  "
"919","","female_40_to_44","1st Qu.:   303.2  "
"920","","female_40_to_44","Median :   753.0  "
"921","","female_40_to_44","Mean   :  3244.4  "
"922","","female_40_to_44","3rd Qu.:  2018.0  "
"923","","female_40_to_44","Max.   :350696.0  "
"924","","female_40_to_44",NA
"925","","female_45_to_49","Min.   :     3.0  "
"926","","female_45_to_49","1st Qu.:   325.0  "
"927","","female_45_to_49","Median :   791.5  "
"928","","female_45_to_49","Mean   :  3369.6  "
"929","","female_45_to_49","3rd Qu.:  2154.8  "
"930","","female_45_to_49","Max.   :351175.0  "
"931","","female_45_to_49",NA
"932","","female_50_to_54","Min.   :     0  "
"933","","female_50_to_54","1st Qu.:   381  "
"934","","female_50_to_54","Median :   911  "
"935","","female_50_to_54","Mean   :  3585  "
"936","","female_50_to_54","3rd Qu.:  2394  "
"937","","female_50_to_54","Max.   :346708  "
"938","","female_50_to_54",NA
"939","","female_55_to_59","Min.   :     7  "
"940","","female_55_to_59","1st Qu.:   403  "
"941","","female_55_to_59","Median :   943  "
"942","","female_55_to_59","Mean   :  3530  "
"943","","female_55_to_59","3rd Qu.:  2475  "
"944","","female_55_to_59","Max.   :324131  "
"945","","female_55_to_59",NA
"946","","female_60_to_61","Min.   :     0.0  "
"947","","female_60_to_61","1st Qu.:   157.0  "
"948","","female_60_to_61","Median :   380.0  "
"949","","female_60_to_61","Mean   :  1339.0  "
"950","","female_60_to_61","3rd Qu.:   941.5  "
"951","","female_60_to_61","Max.   :120114.0  "
"952","","female_60_to_61",NA
"953","","female_62_to_64","Min.   :     0.0  "
"954","","female_62_to_64","1st Qu.:   218.0  "
"955","","female_62_to_64","Median :   526.5  "
"956","","female_62_to_64","Mean   :  1847.6  "
"957","","female_62_to_64","3rd Qu.:  1321.8  "
"958","","female_62_to_64","Max.   :161829.0  "
"959","","female_62_to_64",NA
"960","","female_65_to_66","Min.   :    0.0  "
"961","","female_65_to_66","1st Qu.:  135.0  "
"962","","female_65_to_66","Median :  332.0  "
"963","","female_65_to_66","Mean   : 1159.8  "
"964","","female_65_to_66","3rd Qu.:  845.8  "
"965","","female_65_to_66","Max.   :97862.0  "
"966","","female_65_to_66",NA
"967","","female_67_to_69","Min.   :     0.0  "
"968","","female_67_to_69","1st Qu.:   187.0  "
"969","","female_67_to_69","Median :   443.5  "
"970","","female_67_to_69","Mean   :  1515.1  "
"971","","female_67_to_69","3rd Qu.:  1138.8  "
"972","","female_67_to_69","Max.   :125281.0  "
"973","","female_67_to_69",NA
"974","","female_70_to_74","Min.   :     0  "
"975","","female_70_to_74","1st Qu.:   256  "
"976","","female_70_to_74","Median :   581  "
"977","","female_70_to_74","Mean   :  1986  "
"978","","female_70_to_74","3rd Qu.:  1502  "
"979","","female_70_to_74","Max.   :164340  "
"980","","female_70_to_74",NA
"981","","female_75_to_79","Min.   :     0.0  "
"982","","female_75_to_79","1st Qu.:   196.2  "
"983","","female_75_to_79","Median :   447.0  "
"984","","female_75_to_79","Mean   :  1451.6  "
"985","","female_75_to_79","3rd Qu.:  1095.2  "
"986","","female_75_to_79","Max.   :122687.0  "
"987","","female_75_to_79",NA
"988","","female_80_to_84.V1 ","Min.   :-0.336685  "
"989","","female_80_to_84.V1 ","1st Qu.:-0.293228  "
"990","","female_80_to_84.V1 ","Median :-0.237925  "
"991","","female_80_to_84.V1 ","Mean   : 0.000000  "
"992","","female_80_to_84.V1 ","3rd Qu.:-0.090016  "
"993","","female_80_to_84.V1 ","Max.   :29.180482  "
"994","","female_80_to_84.V1 ",""
"995","","female_85_and_over.V1","Min.   :-0.328608  "
"996","","female_85_and_over.V1","1st Qu.:-0.288661  "
"997","","female_85_and_over.V1","Median :-0.238342  "
"998","","female_85_and_over.V1","Mean   : 0.000000  "
"999","","female_85_and_over.V1","3rd Qu.:-0.104928  "
"1000","","female_85_and_over.V1","Max.   :28.778820  "
"1001","","female_85_and_over.V1",""
"1002","","white_including_hispanic","Min.   :     18  "
"1003","","white_including_hispanic","1st Qu.:   8981  "
"1004","","white_including_hispanic","Median :  21859  "
"1005","","white_including_hispanic","Mean   :  74593  "
"1006","","white_including_hispanic","3rd Qu.:  57906  "
"1007","","white_including_hispanic","Max.   :5232835  "
"1008","","white_including_hispanic",NA
"1009","","black_including_hispanic","Min.   :      0  "
"1010","","black_including_hispanic","1st Qu.:    104  "
"1011","","black_including_hispanic","Median :    788  "
"1012","","black_including_hispanic","Mean   :  12925  "
"1013","","black_including_hispanic","3rd Qu.:   5470  "
"1014","","black_including_hispanic","Max.   :1242179  "
"1015","","black_including_hispanic",NA
"1016","","amerindian_including_hispanic","Min.   :    0.0  "
"1017","","amerindian_including_hispanic","1st Qu.:   31.0  "
"1018","","amerindian_including_hispanic","Median :  115.0  "
"1019","","amerindian_including_hispanic","Mean   :  837.7  "
"1020","","amerindian_including_hispanic","3rd Qu.:  429.0  "
"1021","","amerindian_including_hispanic","Max.   :78683.0  "
"1022","","amerindian_including_hispanic",NA
"1023","","asian_including_hispanic","Min.   :      0.0  "
"1024","","asian_including_hispanic","1st Qu.:     32.0  "
"1025","","asian_including_hispanic","Median :    141.0  "
"1026","","asian_including_hispanic","Mean   :   5469.9  "
"1027","","asian_including_hispanic","3rd Qu.:    728.5  "
"1028","","asian_including_hispanic","Max.   :1460508.0  "
"1029","","asian_including_hispanic",NA
"1030","","commute_5_9_mins","Min.   :    10  "
"1031","","commute_5_9_mins","1st Qu.:   665  "
"1032","","commute_5_9_mins","Median :  1658  "
"1033","","commute_5_9_mins","Mean   :  4392  "
"1034","","commute_5_9_mins","3rd Qu.:  4001  "
"1035","","commute_5_9_mins","Max.   :256412  "
"1036","","commute_5_9_mins",NA
"1037","","commute_35_39_mins","Min.   :     0.0  "
"1038","","commute_35_39_mins","1st Qu.:    81.0  "
"1039","","commute_35_39_mins","Median :   251.0  "
"1040","","commute_35_39_mins","Mean   :  1323.4  "
"1041","","commute_35_39_mins","3rd Qu.:   741.2  "
"1042","","commute_35_39_mins","Max.   :121909.0  "
"1043","","commute_35_39_mins",NA
"1044","","commute_40_44_mins","Min.   :     0.0  "
"1045","","commute_40_44_mins","1st Qu.:   100.0  "
"1046","","commute_40_44_mins","Median :   286.5  "
"1047","","commute_40_44_mins","Mean   :  1742.9  "
"1048","","commute_40_44_mins","3rd Qu.:   867.5  "
"1049","","commute_40_44_mins","Max.   :226188.0  "
"1050","","commute_40_44_mins",NA
"1051","","commute_60_89_mins.V1","Min.   :-0.198500  "
"1052","","commute_60_89_mins.V1","1st Qu.:-0.186483  "
"1053","","commute_60_89_mins.V1","Median :-0.164810  "
"1054","","commute_60_89_mins.V1","Mean   : 0.000000  "
"1055","","commute_60_89_mins.V1","3rd Qu.:-0.110968  "
"1056","","commute_60_89_mins.V1","Max.   :31.554444  "
"1057","","commute_60_89_mins.V1",""
"1058","","commute_90_more_mins.V1","Min.   :-0.233194  "
"1059","","commute_90_more_mins.V1","1st Qu.:-0.215160  "
"1060","","commute_90_more_mins.V1","Median :-0.184787  "
"1061","","commute_90_more_mins.V1","Mean   : 0.000000  "
"1062","","commute_90_more_mins.V1","3rd Qu.:-0.107810  "
"1063","","commute_90_more_mins.V1","Max.   :29.975185  "
"1064","","commute_90_more_mins.V1",""
"1065","","households_retirement_income","Min.   :     6  "
"1066","","households_retirement_income","1st Qu.:   816  "
"1067","","households_retirement_income","Median :  2018  "
"1068","","households_retirement_income","Mean   :  6963  "
"1069","","households_retirement_income","3rd Qu.:  5522  "
"1070","","households_retirement_income","Max.   :400218  "
"1071","","households_retirement_income",NA
"1072",""," armed_forces","Min.   :    0.0  "
"1073",""," armed_forces","1st Qu.:    0.0  "
"1074",""," armed_forces","Median :    8.0  "
"1075",""," armed_forces","Mean   :  326.2  "
"1076",""," armed_forces","3rd Qu.:   51.0  "
"1077",""," armed_forces","Max.   :72524.0  "
"1078",""," armed_forces",NA
"1079","","civilian_labor_force","Min.   :     39  "
"1080","","civilian_labor_force","1st Qu.:   4873  "
"1081","","civilian_labor_force","Median :  11470  "
"1082","","civilian_labor_force","Mean   :  51292  "
"1083","","civilian_labor_force","3rd Qu.:  31580  "
"1084","","civilian_labor_force","Max.   :5212243  "
"1085","","civilian_labor_force",NA
"1086",""," employed_pop","Min.   :     39  "
"1087",""," employed_pop","1st Qu.:   4550  "
"1088",""," employed_pop","Median :  10695  "
"1089",""," employed_pop","Mean   :  47931  "
"1090",""," employed_pop","3rd Qu.:  29515  "
"1091",""," employed_pop","Max.   :4805817  "
"1092",""," employed_pop",NA
"1093","","unemployed_pop","Min.   :     0.0  "
"1094","","unemployed_pop","1st Qu.:   286.2  "
"1095","","unemployed_pop","Median :   745.5  "
"1096","","unemployed_pop","Mean   :  3361.0  "
"1097","","unemployed_pop","3rd Qu.:  2099.8  "
"1098","","unemployed_pop","Max.   :406426.0  "
"1099","","unemployed_pop",NA
"1100","","not_in_labor_force","Min.   :     17  "
"1101","","not_in_labor_force","1st Qu.:   3916  "
"1102","","not_in_labor_force","Median :   8960  "
"1103","","not_in_labor_force","Mean   :  29794  "
"1104","","not_in_labor_force","3rd Qu.:  22270  "
"1105","","not_in_labor_force","Max.   :2886707  "
"1106","","not_in_labor_force",NA
"1107",""," pop_16_over","Min.   :     67  "
"1108",""," pop_16_over","1st Qu.:   8743  "
"1109",""," pop_16_over","Median :  20735  "
"1110",""," pop_16_over","Mean   :  81412  "
"1111",""," pop_16_over","3rd Qu.:  54164  "
"1112",""," pop_16_over","Max.   :8102402  "
"1113",""," pop_16_over",NA
"1114","","pop_in_labor_force","Min.   :     39  "
"1115","","pop_in_labor_force","1st Qu.:   4880  "
"1116","","pop_in_labor_force","Median :  11522  "
"1117","","pop_in_labor_force","Mean   :  51618  "
"1118","","pop_in_labor_force","3rd Qu.:  31692  "
"1119","","pop_in_labor_force","Max.   :5215695  "
"1120","","pop_in_labor_force",NA
"1121","","asian_male_45_54","Min.   :    0.0  "
"1122","","asian_male_45_54","1st Qu.:    0.0  "
"1123","","asian_male_45_54","Median :    4.0  "
"1124","","asian_male_45_54","Mean   :  351.2  "
"1125","","asian_male_45_54","3rd Qu.:   43.0  "
"1126","","asian_male_45_54","Max.   :96221.0  "
"1127","","asian_male_45_54",NA
"1128","","asian_male_55_64","Min.   :    0.0  "
"1129","","asian_male_55_64","1st Qu.:    0.0  "
"1130","","asian_male_55_64","Median :    1.0  "
"1131","","asian_male_55_64","Mean   :  275.4  "
"1132","","asian_male_55_64","3rd Qu.:   31.0  "
"1133","","asian_male_55_64","Max.   :90711.0  "
"1134","","asian_male_55_64",NA
"1135","","black_male_45_54","Min.   :    0.0  "
"1136","","black_male_45_54","1st Qu.:    3.0  "
"1137","","black_male_45_54","Median :   60.5  "
"1138","","black_male_45_54","Mean   :  802.7  "
"1139","","black_male_45_54","3rd Qu.:  370.8  "
"1140","","black_male_45_54","Max.   :73292.0  "
"1141","","black_male_45_54",NA
"1142","","black_male_55_64","Min.   :    0.0  "
"1143","","black_male_55_64","1st Qu.:    2.0  "
"1144","","black_male_55_64","Median :   45.0  "
"1145","","black_male_55_64","Mean   :  676.8  "
"1146","","black_male_55_64","3rd Qu.:  314.0  "
"1147","","black_male_55_64","Max.   :67296.0  "
"1148","","black_male_55_64",NA
"1149","","hispanic_male_45_54","Min.   :     0  "
"1150","","hispanic_male_45_54","1st Qu.:    11  "
"1151","","hispanic_male_45_54","Median :    57  "
"1152","","hispanic_male_45_54","Mean   :  1040  "
"1153","","hispanic_male_45_54","3rd Qu.:   262  "
"1154","","hispanic_male_45_54","Max.   :308901  "
"1155","","hispanic_male_45_54",NA
"1156","","hispanic_male_55_64","Min.   :     0.0  "
"1157","","hispanic_male_55_64","1st Qu.:     6.0  "
"1158","","hispanic_male_55_64","Median :    34.0  "
"1159","","hispanic_male_55_64","Mean   :   655.8  "
"1160","","hispanic_male_55_64","3rd Qu.:   157.8  "
"1161","","hispanic_male_55_64","Max.   :198618.0  "
"1162","","hispanic_male_55_64",NA
"1163","","white_male_45_54","Min.   :     0.0  "
"1164","","white_male_45_54","1st Qu.:   549.5  "
"1165","","white_male_45_54","Median :  1374.0  "
"1166","","white_male_45_54","Mean   :  4434.6  "
"1167","","white_male_45_54","3rd Qu.:  3690.8  "
"1168","","white_male_45_54","Max.   :209222.0  "
"1169","","white_male_45_54",NA
"1170","","white_male_55_64","Min.   :     3.0  "
"1171","","white_male_55_64","1st Qu.:   635.2  "
"1172","","white_male_55_64","Median :  1491.5  "
"1173","","white_male_55_64","Mean   :  4536.4  "
"1174","","white_male_55_64","3rd Qu.:  3901.5  "
"1175","","white_male_55_64","Max.   :208920.0  "
"1176","","white_male_55_64",NA
"1177","","bachelors_degree_2","Min.   :      3  "
"1178","","bachelors_degree_2","1st Qu.:    782  "
"1179","","bachelors_degree_2","Median :   2016  "
"1180","","bachelors_degree_2","Mean   :  13169  "
"1181","","bachelors_degree_2","3rd Qu.:   6403  "
"1182","","bachelors_degree_2","Max.   :1384333  "
"1183","","bachelors_degree_2",NA
"1184","","bachelors_degree_or_higher_25_64","Min.   :      3.0  "
"1185","","bachelors_degree_or_higher_25_64","1st Qu.:    879.2  "
"1186","","bachelors_degree_or_higher_25_64","Median :   2329.5  "
"1187","","bachelors_degree_or_higher_25_64","Mean   :  17352.2  "
"1188","","bachelors_degree_or_higher_25_64","3rd Qu.:   7755.5  "
"1189","","bachelors_degree_or_higher_25_64","Max.   :1776587.0  "
"1190","","bachelors_degree_or_higher_25_64",NA
"1191","","   children","Min.   :      2  "
"1192","","   children","1st Qu.:   2442  "
"1193","","   children","Median :   5829  "
"1194","","   children","Mean   :  23425  "
"1195","","   children","3rd Qu.:  15098  "
"1196","","   children","Max.   :2273580  "
"1197","","   children",NA
"1198","","children_in_single_female_hh.V1","Min.   :-0.288336  "
"1199","","children_in_single_female_hh.V1","1st Qu.:-0.262534  "
"1200","","children_in_single_female_hh.V1","Median :-0.220459  "
"1201","","children_in_single_female_hh.V1","Mean   : 0.000000  "
"1202","","children_in_single_female_hh.V1","3rd Qu.:-0.107171  "
"1203","","children_in_single_female_hh.V1","Max.   :28.155460  "
"1204","","children_in_single_female_hh.V1",""
"1205","","commuters_by_bus","Min.   :     0.0  "
"1206","","commuters_by_bus","1st Qu.:     4.0  "
"1207","","commuters_by_bus","Median :    28.0  "
"1208","","commuters_by_bus","Mean   :  1201.7  "
"1209","","commuters_by_bus","3rd Qu.:   126.8  "
"1210","","commuters_by_bus","Max.   :253712.0  "
"1211","","commuters_by_bus",NA
"1212","","commuters_by_car_truck_van","Min.   :     27  "
"1213","","commuters_by_car_truck_van","1st Qu.:   3984  "
"1214","","commuters_by_car_truck_van","Median :   9619  "
"1215","","commuters_by_car_truck_van","Mean   :  40437  "
"1216","","commuters_by_car_truck_van","3rd Qu.:  26718  "
"1217","","commuters_by_car_truck_van","Max.   :3901845  "
"1218","","commuters_by_car_truck_van",NA
"1219","","commuters_by_carpool","Min.   :     0.0  "
"1220","","commuters_by_carpool","1st Qu.:   446.2  "
"1221","","commuters_by_carpool","Median :  1098.5  "
"1222","","commuters_by_carpool","Mean   :  4324.9  "
"1223","","commuters_by_carpool","3rd Qu.:  2810.5  "
"1224","","commuters_by_carpool","Max.   :449885.0  "
"1225","","commuters_by_carpool",NA
"1226","","commuters_by_subway_or_elevated","Min.   :     0.0  "
"1227","","commuters_by_subway_or_elevated","1st Qu.:     0.0  "
"1228","","commuters_by_subway_or_elevated","Median :     0.0  "
"1229","","commuters_by_subway_or_elevated","Mean   :   897.9  "
"1230","","commuters_by_subway_or_elevated","3rd Qu.:     0.0  "
"1231","","commuters_by_subway_or_elevated","Max.   :619798.0  "
"1232","","commuters_by_subway_or_elevated",NA
"1233","","commuters_drove_alone","Min.   :     21  "
"1234","","commuters_drove_alone","1st Qu.:   3505  "
"1235","","commuters_drove_alone","Median :   8537  "
"1236","","commuters_drove_alone","Mean   :  36112  "
"1237","","commuters_drove_alone","3rd Qu.:  24067  "
"1238","","commuters_drove_alone","Max.   :3451960  "
"1239","","commuters_drove_alone",NA
"1240","","different_house_year_ago_different_city","Min.   :     5  "
"1241","","different_house_year_ago_different_city","1st Qu.:   982  "
"1242","","different_house_year_ago_different_city","Median :  2452  "
"1243","","different_house_year_ago_different_city","Mean   :  9569  "
"1244","","different_house_year_ago_different_city","3rd Qu.:  7209  "
"1245","","different_house_year_ago_different_city","Max.   :595563  "
"1246","","different_house_year_ago_different_city",NA
"1247","","different_house_year_ago_same_city","Min.   :     0.0  "
"1248","","different_house_year_ago_same_city","1st Qu.:   197.0  "
"1249","","different_house_year_ago_same_city","Median :   601.5  "
"1250","","different_house_year_ago_same_city","Mean   :  4536.6  "
"1251","","different_house_year_ago_same_city","3rd Qu.:  2175.8  "
"1252","","different_house_year_ago_same_city","Max.   :466759.0  "
"1253","","different_house_year_ago_same_city",NA
"1254","","employed_agriculture_forestry_fishing_hunting_mining","Min.   :    0.0  "
"1255","","employed_agriculture_forestry_fishing_hunting_mining","1st Qu.:  265.0  "
"1256","","employed_agriculture_forestry_fishing_hunting_mining","Median :  477.5  "
"1257","","employed_agriculture_forestry_fishing_hunting_mining","Mean   :  896.9  "
"1258","","employed_agriculture_forestry_fishing_hunting_mining","3rd Qu.:  842.0  "
"1259","","employed_agriculture_forestry_fishing_hunting_mining","Max.   :74082.0  "
"1260","","employed_agriculture_forestry_fishing_hunting_mining",NA
"1261","","employed_arts_entertainment_recreation_accommodation_food","Min.   :     0.0  "
"1262","","employed_arts_entertainment_recreation_accommodation_food","1st Qu.:   299.2  "
"1263","","employed_arts_entertainment_recreation_accommodation_food","Median :   863.0  "
"1264","","employed_arts_entertainment_recreation_accommodation_food","Mean   :  4642.5  "
"1265","","employed_arts_entertainment_recreation_accommodation_food","3rd Qu.:  2689.8  "
"1266","","employed_arts_entertainment_recreation_accommodation_food","Max.   :535155.0  "
"1267","","employed_arts_entertainment_recreation_accommodation_food",NA
"1268","","employed_construction","Min.   :     0  "
"1269","","employed_construction","1st Qu.:   327  "
"1270","","employed_construction","Median :   811  "
"1271","","employed_construction","Mean   :  3044  "
"1272","","employed_construction","3rd Qu.:  2136  "
"1273","","employed_construction","Max.   :276879  "
"1274","","employed_construction",NA
"1275","","employed_education_health_social.V1","Min.   :-0.321991  "
"1276","","employed_education_health_social.V1","1st Qu.:-0.291932  "
"1277","","employed_education_health_social.V1","Median :-0.250816  "
"1278","","employed_education_health_social.V1","Mean   : 0.000000  "
"1279","","employed_education_health_social.V1","3rd Qu.:-0.115710  "
"1280","","employed_education_health_social.V1","Max.   :28.453239  "
"1281","","employed_education_health_social.V1",""
"1282","","employed_finance_insurance_real_estate","Min.   :     0.0  "
"1283","","employed_finance_insurance_real_estate","1st Qu.:   169.0  "
"1284","","employed_finance_insurance_real_estate","Median :   443.5  "
"1285","","employed_finance_insurance_real_estate","Mean   :  3153.5  "
"1286","","employed_finance_insurance_real_estate","3rd Qu.:  1401.0  "
"1287","","employed_finance_insurance_real_estate","Max.   :294319.0  "
"1288","","employed_finance_insurance_real_estate",NA
"1289","","employed_information","Min.   :     0  "
"1290","","employed_information","1st Qu.:    46  "
"1291","","employed_information","Median :   133  "
"1292","","employed_information","Mean   :  1010  "
"1293","","employed_information","3rd Qu.:   418  "
"1294","","employed_information","Max.   :213966  "
"1295","","employed_information",NA
"1296","","employed_manufacturing","Min.   :     0.0  "
"1297","","employed_manufacturing","1st Qu.:   457.2  "
"1298","","employed_manufacturing","Median :  1420.5  "
"1299","","employed_manufacturing","Mean   :  4926.0  "
"1300","","employed_manufacturing","3rd Qu.:  4029.0  "
"1301","","employed_manufacturing","Max.   :475291.0  "
"1302","","employed_manufacturing",NA
"1303","","employed_other_services_not_public_admin","Min.   :     0  "
"1304","","employed_other_services_not_public_admin","1st Qu.:   198  "
"1305","","employed_other_services_not_public_admin","Median :   516  "
"1306","","employed_other_services_not_public_admin","Mean   :  2346  "
"1307","","employed_other_services_not_public_admin","3rd Qu.:  1440  "
"1308","","employed_other_services_not_public_admin","Max.   :289152  "
"1309","","employed_other_services_not_public_admin",NA
"1310","","employed_public_administration","Min.   :     0  "
"1311","","employed_public_administration","1st Qu.:   235  "
"1312","","employed_public_administration","Median :   534  "
"1313","","employed_public_administration","Mean   :  2236  "
"1314","","employed_public_administration","3rd Qu.:  1472  "
"1315","","employed_public_administration","Max.   :152274  "
"1316","","employed_public_administration",NA
"1317","","employed_retail_trade","Min.   :     2.0  "
"1318","","employed_retail_trade","1st Qu.:   485.2  "
"1319","","employed_retail_trade","Median :  1283.5  "
"1320","","employed_retail_trade","Mean   :  5463.7  "
"1321","","employed_retail_trade","3rd Qu.:  3599.2  "
"1322","","employed_retail_trade","Max.   :506091.0  "
"1323","","employed_retail_trade",NA
"1324","","employed_science_management_admin_waste","Min.   :     0.0  "
"1325","","employed_science_management_admin_waste","1st Qu.:   225.2  "
"1326","","employed_science_management_admin_waste","Median :   668.0  "
"1327","","employed_science_management_admin_waste","Mean   :  5410.9  "
"1328","","employed_science_management_admin_waste","3rd Qu.:  2251.0  "
"1329","","employed_science_management_admin_waste","Max.   :614276.0  "
"1330","","employed_science_management_admin_waste",NA
"1331","","employed_transportation_warehousing_utilities","Min.   :     0.0  "
"1332","","employed_transportation_warehousing_utilities","1st Qu.:   247.0  "
"1333","","employed_transportation_warehousing_utilities","Median :   579.5  "
"1334","","employed_transportation_warehousing_utilities","Mean   :  2444.8  "
"1335","","employed_transportation_warehousing_utilities","3rd Qu.:  1536.8  "
"1336","","employed_transportation_warehousing_utilities","Max.   :270211.0  "
"1337","","employed_transportation_warehousing_utilities",NA
"1338","","employed_wholesale_trade","Min.   :     0  "
"1339","","employed_wholesale_trade","1st Qu.:    91  "
"1340","","employed_wholesale_trade","Median :   241  "
"1341","","employed_wholesale_trade","Mean   :  1287  "
"1342","","employed_wholesale_trade","3rd Qu.:   730  "
"1343","","employed_wholesale_trade","Max.   :165717  "
"1344","","employed_wholesale_trade",NA
"1345","","female_female_households","Min.   :   0.0  "
"1346","","female_female_households","1st Qu.:   0.0  "
"1347","","female_female_households","Median :   8.0  "
"1348","","female_female_households","Mean   :  68.1  "
"1349","","female_female_households","3rd Qu.:  43.0  "
"1350","","female_female_households","Max.   :6074.0  "
"1351","","female_female_households",NA
"1352","","four_more_cars","Min.   :     0.0  "
"1353","","four_more_cars","1st Qu.:   383.0  "
"1354","","four_more_cars","Median :   820.5  "
"1355","","four_more_cars","Mean   :  2417.7  "
"1356","","four_more_cars","3rd Qu.:  2031.8  "
"1357","","four_more_cars","Max.   :244068.0  "
"1358","","four_more_cars",NA
"1359","","   gini_index.V1   ","Min.   :-3.307360  "
"1360","","   gini_index.V1   ","1st Qu.:-0.666867  "
"1361","","   gini_index.V1   ","Median :-0.071351  "
"1362","","   gini_index.V1   ","Mean   : 0.000000  "
"1363","","   gini_index.V1   ","3rd Qu.: 0.607733  "
"1364","","   gini_index.V1   ","Max.   : 4.291080  "
"1365","","   gini_index.V1   ",""
"1366","","graduate_professional_degree","Min.   :     0.0  "
"1367","","graduate_professional_degree","1st Qu.:   385.2  "
"1368","","graduate_professional_degree","Median :  1044.5  "
"1369","","graduate_professional_degree","Mean   :  8119.2  "
"1370","","graduate_professional_degree","3rd Qu.:  3616.0  "
"1371","","graduate_professional_degree","Max.   :739973.0  "
"1372","","graduate_professional_degree",NA
"1373","","group_quarters","Min.   :     0.0  "
"1374","","group_quarters","1st Qu.:   192.2  "
"1375","","group_quarters","Median :   634.5  "
"1376","","group_quarters","Mean   :  2574.0  "
"1377","","group_quarters","3rd Qu.:  2239.2  "
"1378","","group_quarters","Max.   :175755.0  "
"1379","","group_quarters",NA
"1380","","high_school_including_ged.V1","Min.   :-0.371298  "
"1381","","high_school_including_ged.V1","1st Qu.:-0.317257  "
"1382","","high_school_including_ged.V1","Median :-0.245784  "
"1383","","high_school_including_ged.V1","Mean   : 0.000000  "
"1384","","high_school_including_ged.V1","3rd Qu.:-0.070853  "
"1385","","high_school_including_ged.V1","Max.   :27.472344  "
"1386","","high_school_including_ged.V1",""
"1387","","households_public_asst_or_food_stamps.V1","Min.   :-0.318924  "
"1388","","households_public_asst_or_food_stamps.V1","1st Qu.:-0.282532  "
"1389","","households_public_asst_or_food_stamps.V1","Median :-0.225099  "
"1390","","households_public_asst_or_food_stamps.V1","Mean   : 0.000000  "
"1391","","households_public_asst_or_food_stamps.V1","3rd Qu.:-0.088559  "
"1392","","households_public_asst_or_food_stamps.V1","Max.   :20.830904  "
"1393","","households_public_asst_or_food_stamps.V1",""
"1394","","in_grades_1_to_4","Min.   :     0.0  "
"1395","","in_grades_1_to_4","1st Qu.:   548.2  "
"1396","","in_grades_1_to_4","Median :  1286.5  "
"1397","","in_grades_1_to_4","Mean   :  5199.1  "
"1398","","in_grades_1_to_4","3rd Qu.:  3414.2  "
"1399","","in_grades_1_to_4","Max.   :480558.0  "
"1400","","in_grades_1_to_4",NA
"1401","","in_grades_5_to_8","Min.   :     0  "
"1402","","in_grades_5_to_8","1st Qu.:   554  "
"1403","","in_grades_5_to_8","Median :  1318  "
"1404","","in_grades_5_to_8","Mean   :  5250  "
"1405","","in_grades_5_to_8","3rd Qu.:  3491  "
"1406","","in_grades_5_to_8","Max.   :495202  "
"1407","","in_grades_5_to_8",NA
"1408","","in_grades_9_to_12","Min.   :     0.0  "
"1409","","in_grades_9_to_12","1st Qu.:   574.5  "
"1410","","in_grades_9_to_12","Median :  1351.0  "
"1411","","in_grades_9_to_12","Mean   :  5411.0  "
"1412","","in_grades_9_to_12","3rd Qu.:  3457.0  "
"1413","","in_grades_9_to_12","Max.   :559379.0  "
"1414","","in_grades_9_to_12",NA
"1415","","  in_school","Min.   :      5  "
"1416","","  in_school","1st Qu.:   2378  "
"1417","","  in_school","Median :   5868  "
"1418","","  in_school","Mean   :  26019  "
"1419","","  in_school","3rd Qu.:  16345  "
"1420","","  in_school","Max.   :2704769  "
"1421","","  in_school",NA
"1422","","in_undergrad_college","Min.   :     0  "
"1423","","in_undergrad_college","1st Qu.:   312  "
"1424","","in_undergrad_college","Median :   939  "
"1425","","in_undergrad_college","Mean   :  5951  "
"1426","","in_undergrad_college","3rd Qu.:  3360  "
"1427","","in_undergrad_college","Max.   :733891  "
"1428","","in_undergrad_college",NA
"1429","","less_than_high_school_graduate","Min.   :      4  "
"1430","","less_than_high_school_graduate","1st Qu.:   1022  "
"1431","","less_than_high_school_graduate","Median :   2532  "
"1432","","less_than_high_school_graduate","Mean   :   8732  "
"1433","","less_than_high_school_graduate","3rd Qu.:   5791  "
"1434","","less_than_high_school_graduate","Max.   :1485760  "
"1435","","less_than_high_school_graduate",NA
"1436","","male_45_64_associates_degree","Min.   :    0  "
"1437","","male_45_64_associates_degree","1st Qu.:  100  "
"1438","","male_45_64_associates_degree","Median :  258  "
"1439","","male_45_64_associates_degree","Mean   : 1002  "
"1440","","male_45_64_associates_degree","3rd Qu.:  752  "
"1441","","male_45_64_associates_degree","Max.   :79296  "
"1442","","male_45_64_associates_degree",NA
"1443","","male_45_64_bachelors_degree","Min.   :     0  "
"1444","","male_45_64_bachelors_degree","1st Qu.:   133  "
"1445","","male_45_64_bachelors_degree","Median :   358  "
"1446","","male_45_64_bachelors_degree","Mean   :  2338  "
"1447","","male_45_64_bachelors_degree","3rd Qu.:  1163  "
"1448","","male_45_64_bachelors_degree","Max.   :228239  "
"1449","","male_45_64_bachelors_degree",NA
"1450","","male_45_64_graduate_degree","Min.   :     0.0  "
"1451","","male_45_64_graduate_degree","1st Qu.:    57.0  "
"1452","","male_45_64_graduate_degree","Median :   184.0  "
"1453","","male_45_64_graduate_degree","Mean   :  1521.7  "
"1454","","male_45_64_graduate_degree","3rd Qu.:   661.8  "
"1455","","male_45_64_graduate_degree","Max.   :135957.0  "
"1456","","male_45_64_graduate_degree",NA
"1457","","male_45_64_less_than_9_grade","Min.   :     0.00  "
"1458","","male_45_64_less_than_9_grade","1st Qu.:    51.25  "
"1459","","male_45_64_less_than_9_grade","Median :   149.50  "
"1460","","male_45_64_less_than_9_grade","Mean   :   689.10  "
"1461","","male_45_64_less_than_9_grade","3rd Qu.:   382.00  "
"1462","","male_45_64_less_than_9_grade","Max.   :183991.00  "
"1463","","male_45_64_less_than_9_grade",NA
"1464","","male_45_64_grade_9_12","Min.   :     0.0  "
"1465","","male_45_64_grade_9_12","1st Qu.:   130.2  "
"1466","","male_45_64_grade_9_12","Median :   355.0  "
"1467","","male_45_64_grade_9_12","Mean   :   981.4  "
"1468","","male_45_64_grade_9_12","3rd Qu.:   792.0  "
"1469","","male_45_64_grade_9_12","Max.   :118105.0  "
"1470","","male_45_64_grade_9_12",NA
"1471","","male_45_64_high_school.V1","Min.   :-0.396252  "
"1472","","male_45_64_high_school.V1","1st Qu.:-0.333378  "
"1473","","male_45_64_high_school.V1","Median :-0.251587  "
"1474","","male_45_64_high_school.V1","Mean   : 0.000000  "
"1475","","male_45_64_high_school.V1","3rd Qu.:-0.057099  "
"1476","","male_45_64_high_school.V1","Max.   :26.423594  "
"1477","","male_45_64_high_school.V1",""
"1478","","male_45_64_some_college","Min.   :     3  "
"1479","","male_45_64_some_college","1st Qu.:   303  "
"1480","","male_45_64_some_college","Median :   698  "
"1481","","male_45_64_some_college","Mean   :  2641  "
"1482","","male_45_64_some_college","3rd Qu.:  1885  "
"1483","","male_45_64_some_college","Max.   :236108  "
"1484","","male_45_64_some_college",NA
"1485","","male_45_to_64","Min.   :     15  "
"1486","","male_45_to_64","1st Qu.:   1513  "
"1487","","male_45_to_64","Median :   3476  "
"1488","","male_45_to_64","Mean   :  13012  "
"1489","","male_45_to_64","3rd Qu.:   9064  "
"1490","","male_45_to_64","Max.   :1241160  "
"1491","","male_45_to_64",NA
"1492","","male_male_households","Min.   :   0.00  "
"1493","","male_male_households","1st Qu.:   0.00  "
"1494","","male_male_households","Median :   3.00  "
"1495","","male_male_households","Mean   :  66.66  "
"1496","","male_male_households","3rd Qu.:  26.00  "
"1497","","male_male_households","Max.   :9969.00  "
"1498","","male_male_households",NA
"1499","","management_business_sci_arts_employed","Min.   :     13  "
"1500","","management_business_sci_arts_employed","1st Qu.:   1284  "
"1501","","management_business_sci_arts_employed","Median :   3110  "
"1502","","management_business_sci_arts_employed","Mean   :  17948  "
"1503","","management_business_sci_arts_employed","3rd Qu.:   9513  "
"1504","","management_business_sci_arts_employed","Max.   :1749614  "
"1505","","management_business_sci_arts_employed",NA
"1506","","    no_car","Min.   :     0.0  "
"1507","","    no_car","1st Qu.:    82.0  "
"1508","","    no_car","Median :   238.5  "
"1509","","    no_car","Mean   :  2042.6  "
"1510","","    no_car","3rd Qu.:   684.8  "
"1511","","    no_car","Max.   :636105.0  "
"1512","","    no_car",NA
"1513","","    no_cars.V1     ","Min.   :-0.170160  "
"1514","","    no_cars.V1     ","1st Qu.:-0.158196  "
"1515","","    no_cars.V1     ","Median :-0.138853  "
"1516","","    no_cars.V1     ","Mean   : 0.000000  "
"1517","","    no_cars.V1     ","3rd Qu.:-0.088662  "
"1518","","    no_cars.V1     ","Max.   :29.633334  "
"1519","","    no_cars.V1     ",""
"1520","","not_us_citizen_pop","Min.   :      0.0  "
"1521","","not_us_citizen_pop","1st Qu.:     98.2  "
"1522","","not_us_citizen_pop","Median :    361.5  "
"1523","","not_us_citizen_pop","Mean   :   7109.4  "
"1524","","not_us_citizen_pop","3rd Qu.:   1697.0  "
"1525","","not_us_citizen_pop","Max.   :1711805.0  "
"1526","","not_us_citizen_pop",NA
"1527","","occupation_management_arts","Min.   :     13  "
"1528","","occupation_management_arts","1st Qu.:   1284  "
"1529","","occupation_management_arts","Median :   3110  "
"1530","","occupation_management_arts","Mean   :  17948  "
"1531","","occupation_management_arts","3rd Qu.:   9513  "
"1532","","occupation_management_arts","Max.   :1749614  "
"1533","","occupation_management_arts",NA
"1534","","occupation_natural_resources_construction_maintenance","Min.   :     0.0  "
"1535","","occupation_natural_resources_construction_maintenance","1st Qu.:   625.2  "
"1536","","occupation_natural_resources_construction_maintenance","Median :  1383.0  "
"1537","","occupation_natural_resources_construction_maintenance","Mean   :  4255.8  "
"1538","","occupation_natural_resources_construction_maintenance","3rd Qu.:  3336.0  "
"1539","","occupation_natural_resources_construction_maintenance","Max.   :367072.0  "
"1540","","occupation_natural_resources_construction_maintenance",NA
"1541","","occupation_production_transportation_material","Min.   :     0.0  "
"1542","","occupation_production_transportation_material","1st Qu.:   717.2  "
"1543","","occupation_production_transportation_material","Median :  1858.0  "
"1544","","occupation_production_transportation_material","Mean   :  5834.3  "
"1545","","occupation_production_transportation_material","3rd Qu.:  4711.2  "
"1546","","occupation_production_transportation_material","Max.   :615883.0  "
"1547","","occupation_production_transportation_material",NA
"1548","","occupation_sales_office","Min.   :      5.0  "
"1549","","occupation_sales_office","1st Qu.:    937.5  "
"1550","","occupation_sales_office","Median :   2341.0  "
"1551","","occupation_sales_office","Mean   :  11279.6  "
"1552","","occupation_sales_office","3rd Qu.:   6763.0  "
"1553","","occupation_sales_office","Max.   :1160343.0  "
"1554","","occupation_sales_office",NA
"1555","","occupation_services","Min.   :     0  "
"1556","","occupation_services","1st Qu.:   810  "
"1557","","occupation_services","Median :  1950  "
"1558","","occupation_services","Mean   :  8614  "
"1559","","occupation_services","3rd Qu.:  5528  "
"1560","","occupation_services","Max.   :912905  "
"1561","","occupation_services",NA
"1562","","   one_car","Min.   :      8  "
"1563","","   one_car","1st Qu.:   1250  "
"1564","","   one_car","Median :   2956  "
"1565","","   one_car","Mean   :  12563  "
"1566","","   one_car","3rd Qu.:   7923  "
"1567","","   one_car","Max.   :1130340  "
"1568","","   one_car",NA
"1569","","   two_cars","Min.   :     11  "
"1570","","   two_cars","1st Qu.:   1558  "
"1571","","   two_cars","Median :   3676  "
"1572","","   two_cars","Mean   :  14132  "
"1573","","   two_cars","3rd Qu.:   9940  "
"1574","","   two_cars","Max.   :1165144  "
"1575","","   two_cars",NA
"1576","","  three_cars","Min.   :     0.0  "
"1577","","  three_cars","1st Qu.:   752.5  "
"1578","","  three_cars","Median :  1692.5  "
"1579","","  three_cars","Mean   :  5374.3  "
"1580","","  three_cars","3rd Qu.:  4228.2  "
"1581","","  three_cars","Max.   :452347.0  "
"1582","","  three_cars",NA
"1583","","  pop_25_64","Min.   :     46  "
"1584","","  pop_25_64","1st Qu.:   5474  "
"1585","","  pop_25_64","Median :  13178  "
"1586","","  pop_25_64","Mean   :  53641  "
"1587","","  pop_25_64","3rd Qu.:  34296  "
"1588","","  pop_25_64","Max.   :5536867  "
"1589","","  pop_25_64",NA
"1590","","pop_determined_poverty_status","Min.   :     70  "
"1591","","pop_determined_poverty_status","1st Qu.:  10543  "
"1592","","pop_determined_poverty_status","Median :  24767  "
"1593","","pop_determined_poverty_status","Mean   :  99634  "
"1594","","pop_determined_poverty_status","3rd Qu.:  65120  "
"1595","","pop_determined_poverty_status","Max.   :9955473  "
"1596","","pop_determined_poverty_status",NA
"1597","","population_1_year_and_over","Min.   :     74  "
"1598","","population_1_year_and_over","1st Qu.:  10832  "
"1599","","population_1_year_and_over","Median :  25390  "
"1600","","population_1_year_and_over","Mean   : 100970  "
"1601","","population_1_year_and_over","3rd Qu.:  66822  "
"1602","","population_1_year_and_over","Max.   :9988370  "
"1603","","population_1_year_and_over",NA
"1604","","population_3_years_over","Min.   :     74  "
"1605","","population_3_years_over","1st Qu.:  10581  "
"1606","","population_3_years_over","Median :  24882  "
"1607","","population_3_years_over","Mean   :  98454  "
"1608","","population_3_years_over","3rd Qu.:  65377  "
"1609","","population_3_years_over","Max.   :9736069  "
"1610","","population_3_years_over",NA
"1611","","   poverty","Min.   :     10  "
"1612","","   poverty","1st Qu.:   1631  "
"1613","","   poverty","Median :   4120  "
"1614","","   poverty","Mean   :  14529  "
"1615","","   poverty","3rd Qu.:   9903  "
"1616","","   poverty","Max.   :1688505  "
"1617","","   poverty",NA
"1618","","sales_office_employed","Min.   :      5.0  "
"1619","","sales_office_employed","1st Qu.:    937.5  "
"1620","","sales_office_employed","Median :   2341.0  "
"1621","","sales_office_employed","Mean   :  11279.6  "
"1622","","sales_office_employed","3rd Qu.:   6763.0  "
"1623","","sales_office_employed","Max.   :1160343.0  "
"1624","","sales_office_employed",NA
"1625","","some_college_and_associates_degree","Min.   :     27  "
"1626","","some_college_and_associates_degree","1st Qu.:   2278  "
"1627","","some_college_and_associates_degree","Median :   5268  "
"1628","","some_college_and_associates_degree","Mean   :  20004  "
"1629","","some_college_and_associates_degree","3rd Qu.:  14181  "
"1630","","some_college_and_associates_degree","Max.   :1782880  "
"1631","","some_college_and_associates_degree",NA
"1632","","walked_to_work","Min.   :     0.0  "
"1633","","walked_to_work","1st Qu.:    98.0  "
"1634","","walked_to_work","Median :   242.5  "
"1635","","walked_to_work","Mean   :  1288.8  "
"1636","","walked_to_work","3rd Qu.:   678.5  "
"1637","","walked_to_work","Max.   :181289.0  "
"1638","","walked_to_work",NA
"1639","","worked_at_home","Min.   :     0  "
"1640","","worked_at_home","1st Qu.:   178  "
"1641","","worked_at_home","Median :   420  "
"1642","","worked_at_home","Mean   :  2237  "
"1643","","worked_at_home","3rd Qu.:  1226  "
"1644","","worked_at_home","Max.   :249490  "
"1645","","worked_at_home",NA
"1646","","workers_16_and_over","Min.   :     39  "
"1647","","workers_16_and_over","1st Qu.:   4471  "
"1648","","workers_16_and_over","Median :  10610  "
"1649","","workers_16_and_over","Mean   :  47241  "
"1650","","workers_16_and_over","3rd Qu.:  29006  "
"1651","","workers_16_and_over","Max.   :4685201  "
"1652","","workers_16_and_over",NA
"1653","","associates_degree","Min.   :     5.0  "
"1654","","associates_degree","1st Qu.:   605.2  "
"1655","","associates_degree","Median :  1476.5  "
"1656","","associates_degree","Mean   :  5702.6  "
"1657","","associates_degree","3rd Qu.:  4201.0  "
"1658","","associates_degree","Max.   :470973.0  "
"1659","","associates_degree",NA
"1660","","bachelors_degree","Min.   :      3  "
"1661","","bachelors_degree","1st Qu.:    782  "
"1662","","bachelors_degree","Median :   2016  "
"1663","","bachelors_degree","Mean   :  13169  "
"1664","","bachelors_degree","3rd Qu.:   6403  "
"1665","","bachelors_degree","Max.   :1384333  "
"1666","","bachelors_degree",NA
"1667","","high_school_diploma.V1","Min.   :-0.360214  "
"1668","","high_school_diploma.V1","1st Qu.:-0.308500  "
"1669","","high_school_diploma.V1","Median :-0.242809  "
"1670","","high_school_diploma.V1","Mean   : 0.000000  "
"1671","","high_school_diploma.V1","3rd Qu.:-0.074195  "
"1672","","high_school_diploma.V1","Max.   :28.648770  "
"1673","","high_school_diploma.V1",""
"1674","","less_one_year_college","Min.   :     0.0  "
"1675","","less_one_year_college","1st Qu.:   510.2  "
"1676","","less_one_year_college","Median :  1184.5  "
"1677","","less_one_year_college","Mean   :  4278.4  "
"1678","","less_one_year_college","3rd Qu.:  3221.5  "
"1679","","less_one_year_college","Max.   :306692.0  "
"1680","","less_one_year_college",NA
"1681","","masters_degree","Min.   :     0.0  "
"1682","","masters_degree","1st Qu.:   289.0  "
"1683","","masters_degree","Median :   789.5  "
"1684","","masters_degree","Mean   :  5778.1  "
"1685","","masters_degree","3rd Qu.:  2665.0  "
"1686","","masters_degree","Max.   :492924.0  "
"1687","","masters_degree",NA
"1688","","one_year_more_college","Min.   :     10  "
"1689","","one_year_more_college","1st Qu.:   1107  "
"1690","","one_year_more_college","Median :   2530  "
"1691","","one_year_more_college","Mean   :  10023  "
"1692","","one_year_more_college","3rd Qu.:   6816  "
"1693","","one_year_more_college","Max.   :1005215  "
"1694","","one_year_more_college",NA
"1695","","pop_25_years_over","Min.   :     64  "
"1696","","pop_25_years_over","1st Qu.:   7581  "
"1697","","pop_25_years_over","Median :  17773  "
"1698","","pop_25_years_over","Mean   :  68832  "
"1699","","pop_25_years_over","3rd Qu.:  45859  "
"1700","","pop_25_years_over","Max.   :6801851  "
"1701","","pop_25_years_over",NA
"1702","","commute_35_44_mins.V1","Min.   :-0.254918  "
"1703","","commute_35_44_mins.V1","1st Qu.:-0.238852  "
"1704","","commute_35_44_mins.V1","Median :-0.209485  "
"1705","","commute_35_44_mins.V1","Mean   : 0.000000  "
"1706","","commute_35_44_mins.V1","3rd Qu.:-0.122088  "
"1707","","commute_35_44_mins.V1","Max.   :28.684467  "
"1708","","commute_35_44_mins.V1",""
"1709","","commute_60_more_mins.V1","Min.   :-0.209600  "
"1710","","commute_60_more_mins.V1","1st Qu.:-0.194837  "
"1711","","commute_60_more_mins.V1","Median :-0.170702  "
"1712","","commute_60_more_mins.V1","Mean   : 0.000000  "
"1713","","commute_60_more_mins.V1","3rd Qu.:-0.110652  "
"1714","","commute_60_more_mins.V1","Max.   :31.362459  "
"1715","","commute_60_more_mins.V1",""
"1716","","commute_less_10_mins","Min.   :    15  "
"1717","","commute_less_10_mins","1st Qu.:  1021  "
"1718","","commute_less_10_mins","Median :  2326  "
"1719","","commute_less_10_mins","Mean   :  5704  "
"1720","","commute_less_10_mins","3rd Qu.:  5344  "
"1721","","commute_less_10_mins","Max.   :311229  "
"1722","","commute_less_10_mins",NA
"1723","","commuters_16_over","Min.   :     36  "
"1724","","commuters_16_over","1st Qu.:   4226  "
"1725","","commuters_16_over","Median :  10079  "
"1726","","commuters_16_over","Mean   :  45005  "
"1727","","commuters_16_over","3rd Qu.:  27950  "
"1728","","commuters_16_over","Max.   :4435711  "
"1729","","commuters_16_over",NA
"1730","","hispanic_any_race","Min.   :      0  "
"1731","","hispanic_any_race","1st Qu.:    323  "
"1732","","hispanic_any_race","Median :   1025  "
"1733","","hispanic_any_race","Mean   :  17986  "
"1734","","hispanic_any_race","3rd Qu.:   4868  "
"1735","","hispanic_any_race","Max.   :4893579  "
"1736","","hispanic_any_race",NA
"1737","","pop_5_years_over","Mode:logical  "
"1738","","pop_5_years_over","NA's:3142     "
"1739","","pop_5_years_over",NA
"1740","","pop_5_years_over",NA
"1741","","pop_5_years_over",NA
"1742","","pop_5_years_over",NA
"1743","","pop_5_years_over",NA
"1744","","speak_only_english_at_home","Mode:logical  "
"1745","","speak_only_english_at_home","NA's:3142     "
"1746","","speak_only_english_at_home",NA
"1747","","speak_only_english_at_home",NA
"1748","","speak_only_english_at_home",NA
"1749","","speak_only_english_at_home",NA
"1750","","speak_only_english_at_home",NA
"1751","","speak_spanish_at_home","Mode:logical  "
"1752","","speak_spanish_at_home","NA's:3142     "
"1753","","speak_spanish_at_home",NA
"1754","","speak_spanish_at_home",NA
"1755","","speak_spanish_at_home",NA
"1756","","speak_spanish_at_home",NA
"1757","","speak_spanish_at_home",NA
"1758","","speak_spanish_at_home_low_english","Mode:logical  "
"1759","","speak_spanish_at_home_low_english","NA's:3142     "
"1760","","speak_spanish_at_home_low_english",NA
"1761","","speak_spanish_at_home_low_english",NA
"1762","","speak_spanish_at_home_low_english",NA
"1763","","speak_spanish_at_home_low_english",NA
"1764","","speak_spanish_at_home_low_english",NA
"1765","","pop_15_and_over","Mode:logical  "
"1766","","pop_15_and_over","NA's:3142     "
"1767","","pop_15_and_over",NA
"1768","","pop_15_and_over",NA
"1769","","pop_15_and_over",NA
"1770","","pop_15_and_over",NA
"1771","","pop_15_and_over",NA
"1772","","pop_never_married","Mode:logical  "
"1773","","pop_never_married","NA's:3142     "
"1774","","pop_never_married",NA
"1775","","pop_never_married",NA
"1776","","pop_never_married",NA
"1777","","pop_never_married",NA
"1778","","pop_never_married",NA
"1779","","pop_now_married","Mode:logical  "
"1780","","pop_now_married","NA's:3142     "
"1781","","pop_now_married",NA
"1782","","pop_now_married",NA
"1783","","pop_now_married",NA
"1784","","pop_now_married",NA
"1785","","pop_now_married",NA
"1786","","pop_separated","Mode:logical  "
"1787","","pop_separated","NA's:3142     "
"1788","","pop_separated",NA
"1789","","pop_separated",NA
"1790","","pop_separated",NA
"1791","","pop_separated",NA
"1792","","pop_separated",NA
"1793","","pop_widowed","Mode:logical  "
"1794","","pop_widowed","NA's:3142     "
"1795","","pop_widowed",NA
"1796","","pop_widowed",NA
"1797","","pop_widowed",NA
"1798","","pop_widowed",NA
"1799","","pop_widowed",NA
"1800","","pop_divorced","Mode:logical  "
"1801","","pop_divorced","NA's:3142     "
"1802","","pop_divorced",NA
"1803","","pop_divorced",NA
"1804","","pop_divorced",NA
"1805","","pop_divorced",NA
"1806","","pop_divorced",NA
"1807","","   do_date","Min.   :20132017  "
"1808","","   do_date","1st Qu.:20132017  "
"1809","","   do_date","Median :20132017  "
"1810","","   do_date","Mean   :20132017  "
"1811","","   do_date","3rd Qu.:20132017  "
"1812","","   do_date","Max.   :20132017  "
"1813","","   do_date",NA
